schema_version,benchmark_id,status,run_id,task_id,dataset_name,feature_type,realization,strength_name,interaction_coefficient,n_samples,n_features,positive_fraction,expected_prevalence,train_size,validation_size,test_size,discovery_dev_size,discovery_base_seed,random_pair_seed,final_model_seed,n_true_interactions,expected_candidate_k,observed_candidate_k,template_true_pairs,true_pairs,selection_pairs,isr_pairs,oracle_pairs,random_pairs,no_isr_pairs,single_run_pairs,mean_pairwise_jaccard,mean_interaction_auprc,std_interaction_auprc,n_selection_stable,selection_precision,selection_recall,selection_f1,n_isr_retained,isr_precision,isr_recall,isr_f1,false_positive_reduction,main_auroc,main_auprc,main_balanced_accuracy,main_f1,agnam_auroc,agnam_auprc,agnam_balanced_accuracy,agnam_f1,delta_auroc,delta_auprc,delta_balanced_accuracy,delta_f1,oracle_auroc,oracle_auprc,random_pair_auroc,random_pair_auprc,no_isr_auroc,no_isr_auprc,single_run_auroc,single_run_auprc,max_decomposition_error,test_integrity_ok,publication_eligible,runtime_seconds
realx_benchmark_v1,agnam_realx_semisynthetic_v1,COMPLETE,realx_49_r01_null,49,tic-tac-toe,categorical,1,null,0.0,958,9,0.5146137787056367,0.5000000000005502,574,191,193,765,26090961,26090971,26090981,0,8,8,bottom-left-square::top-middle-square|bottom-middle-square::middle-right-square|middle-left-square::top-left-square,,bottom-left-square::middle-left-square,,,,bottom-left-square::middle-left-square,bottom-left-square::bottom-middle-square|bottom-left-square::middle-left-square|bottom-left-square::top-left-square|bottom-left-square::top-middle-square|bottom-middle-square::middle-left-square|middle-left-square::top-left-square|middle-left-square::top-middle-square|top-left-square::top-middle-square,0.1276190476190476,,,1,,,,0,,,,1.0,0.660741219564749,0.6558351486116486,0.6214177978883861,0.6054054054054054,0.660741219564749,0.6558351486116486,0.6214177978883861,0.6054054054054054,0.0,0.0,0.0,0.0,0.660741219564749,0.6558351486116486,0.660741219564749,0.6558351486116486,0.6566472742943331,0.6542566187316938,0.6450118508942039,0.6460327869639872,0.0,True,True,53.11932069994509
realx_benchmark_v1,agnam_realx_semisynthetic_v1,COMPLETE,realx_49_r01_weak,49,tic-tac-toe,categorical,1,weak,0.5,958,9,0.5073068893528184,0.4999999999997185,574,191,193,765,26090961,26090971,26090981,3,8,8,bottom-left-square::top-middle-square|bottom-middle-square::middle-right-square|middle-left-square::top-left-square,bottom-left-square::top-middle-square|bottom-middle-square::middle-right-square|middle-left-square::top-left-square,bottom-left-square::middle-left-square|bottom-middle-square::middle-left-square|middle-left-square::middle-middle-square|middle-left-square::top-right-square,,bottom-left-square::top-middle-square|bottom-middle-square::middle-right-square|middle-left-square::top-left-square,,bottom-left-square::middle-left-square|bottom-middle-square::middle-left-square|middle-left-square::middle-middle-square|middle-left-square::top-right-square,bottom-left-square::bottom-right-square|bottom-left-square::middle-left-square|bottom-left-square::top-left-square|bottom-middle-square::middle-left-square|bottom-right-square::top-right-square|middle-left-square::middle-middle-square|middle-left-square::top-left-square|middle-left-square::top-right-square,0.1623443223443223,0.2795239767682296,0.1611070282013471,4,0.0,0.0,0.0,0,0.0,0.0,0.0,1.0,0.6608111038820214,0.65255159876156,0.6001409672522229,0.5894736842105263,0.6608111038820214,0.65255159876156,0.6001409672522229,0.5894736842105263,0.0,0.0,0.0,0.0,0.6875948818043809,0.6639874870051046,0.6608111038820214,0.65255159876156,0.6589676859683365,0.6509995687520826,0.6793537193667318,0.6700664804342179,0.0,True,True,66.19939920003526
realx_benchmark_v1,agnam_realx_semisynthetic_v1,COMPLETE,realx_49_r01_moderate,49,tic-tac-toe,categorical,1,moderate,1.0,958,9,0.5062630480167014,0.4999999999992262,574,191,193,765,26090961,26090971,26090981,3,8,8,bottom-left-square::top-middle-square|bottom-middle-square::middle-right-square|middle-left-square::top-left-square,bottom-left-square::top-middle-square|bottom-middle-square::middle-right-square|middle-left-square::top-left-square,bottom-middle-square::middle-right-square|middle-middle-square::middle-right-square,bottom-middle-square::middle-right-square|middle-middle-square::middle-right-square,bottom-left-square::top-middle-square|bottom-middle-square::middle-right-square|middle-left-square::top-left-square,bottom-left-square::bottom-middle-square|middle-left-square::top-left-square,bottom-middle-square::middle-right-square|middle-middle-square::middle-right-square,bottom-left-square::middle-middle-square|bottom-left-square::top-middle-square|bottom-middle-square::middle-right-square|bottom-middle-square::top-middle-square|bottom-right-square::top-middle-square|middle-left-square::middle-right-square|middle-middle-square::middle-right-square|middle-right-square::top-middle-square,0.1423443223443223,0.4009471109074957,0.2984255275196493,2,0.5,0.3333333333333333,0.4,2,0.5,0.3333333333333333,0.4,0.0,0.6600219058050383,0.5810175205874708,0.6239320920043812,0.5813953488372093,0.6835706462212486,0.6153773949647755,0.67973713033954,0.6477272727272727,0.0235487404162103,0.0343598743773047,0.0558050383351588,0.0663319238900633,0.74052573932092,0.6904460190264077,0.7063526834611171,0.6337863966308421,0.6835706462212486,0.6153773949647755,0.7156626506024096,0.6831493651484284,0.0,True,True,75.54334810003638
realx_benchmark_v1,agnam_realx_semisynthetic_v1,COMPLETE,realx_49_r01_strong,49,tic-tac-toe,categorical,1,strong,1.5,958,9,0.5062630480167014,0.4999999999995613,574,191,193,765,26090961,26090971,26090981,3,8,8,bottom-left-square::top-middle-square|bottom-middle-square::middle-right-square|middle-left-square::top-left-square,bottom-left-square::top-middle-square|bottom-middle-square::middle-right-square|middle-left-square::top-left-square,bottom-left-square::middle-right-square|bottom-left-square::top-middle-square|bottom-middle-square::middle-right-square|bottom-right-square::middle-right-square|middle-left-square::middle-right-square|middle-left-square::top-left-square,bottom-left-square::top-middle-square|bottom-middle-square::middle-right-square|middle-left-square::top-left-square,bottom-left-square::top-middle-square|bottom-middle-square::middle-right-square|middle-left-square::top-left-square,bottom-middle-square::middle-middle-square|bottom-right-square::middle-right-square|middle-left-square::top-left-square,bottom-left-square::middle-right-square|bottom-left-square::top-middle-square|bottom-middle-square::middle-right-square|bottom-right-square::middle-right-square|middle-left-square::middle-right-square|middle-left-square::top-left-square,bottom-left-square::middle-left-square|bottom-left-square::top-middle-square|bottom-middle-square::middle-right-square|bottom-right-square::middle-right-square|middle-left-square::middle-right-square|middle-left-square::top-left-square|middle-left-square::top-middle-square|middle-right-square::top-middle-square,0.2975024975024975,0.7188281979458451,0.2413300138626224,6,0.5,1.0,0.6666666666666666,3,1.0,1.0,1.0,1.0,0.6689542483660131,0.5823048141860478,0.6245642701525055,0.5569620253164557,0.7809368191721132,0.7197594641218963,0.7224400871459695,0.7,0.1119825708061,0.1374546499358484,0.097875816993464,0.1430379746835443,0.7809368191721132,0.7197594641218963,0.7321350762527233,0.6546103253411204,0.7828976034858387,0.7331279334192355,0.7602396514161219,0.7021050959601435,0.0,True,True,92.53349600010552
realx_benchmark_v1,agnam_realx_semisynthetic_v1,COMPLETE,realx_49_r02_null,49,tic-tac-toe,categorical,2,null,0.0,958,9,0.4843423799582463,0.499999999999676,574,191,193,765,26091061,26091071,26091081,0,8,8,bottom-left-square::bottom-middle-square|bottom-right-square::middle-middle-square|middle-left-square::top-right-square,,bottom-left-square::bottom-right-square|bottom-right-square::top-right-square,,,,bottom-left-square::bottom-right-square|bottom-right-square::top-right-square,bottom-left-square::bottom-right-square|bottom-left-square::top-right-square|bottom-right-square::middle-middle-square|bottom-right-square::top-left-square|bottom-right-square::top-middle-square|bottom-right-square::top-right-square|middle-middle-square::top-middle-square|top-middle-square::top-right-square,0.1202197802197801,,,2,,,,0,,,,1.0,0.7586282219309742,0.7334003422984399,0.72870249017038,0.6976744186046512,0.7586282219309742,0.7334003422984399,0.72870249017038,0.6976744186046512,0.0,0.0,0.0,0.0,0.7586282219309742,0.7334003422984399,0.7586282219309742,0.7334003422984399,0.7557885539536916,0.7287027899075859,0.754259501965924,0.7264242391188428,0.0,True,True,58.04717499995604
realx_benchmark_v1,agnam_realx_semisynthetic_v1,COMPLETE,realx_49_r02_weak,49,tic-tac-toe,categorical,2,weak,0.5,958,9,0.4958246346555323,0.4999999999993921,574,191,193,765,26091061,26091071,26091081,3,8,8,bottom-left-square::bottom-middle-square|bottom-right-square::middle-middle-square|middle-left-square::top-right-square,bottom-left-square::bottom-middle-square|bottom-right-square::middle-middle-square|middle-left-square::top-right-square,bottom-left-square::bottom-right-square|bottom-left-square::middle-right-square|bottom-right-square::middle-right-square,,bottom-left-square::bottom-middle-square|bottom-right-square::middle-middle-square|middle-left-square::top-right-square,,bottom-left-square::bottom-right-square|bottom-left-square::middle-right-square|bottom-right-square::middle-right-square,bottom-left-square::middle-right-square|bottom-right-square::middle-right-square|middle-left-square::middle-right-square|middle-left-square::top-right-square|middle-middle-square::middle-right-square|middle-middle-square::top-left-square|middle-middle-square::top-middle-square|top-middle-square::top-right-square,0.1202197802197802,0.1173066046736196,0.0406881482407858,3,0.0,0.0,0.0,0,0.0,0.0,0.0,1.0,0.7415961830405553,0.7043360593332704,0.7137822598134895,0.6892655367231638,0.7415961830405553,0.7043360593332704,0.7137822598134895,0.6892655367231638,0.0,0.0,0.0,0.0,0.7507048362611148,0.7243255118295421,0.7415961830405553,0.7043360593332704,0.7432227282585123,0.7062625429825568,0.7441986553892864,0.720317763900413,0.0,True,True,51.43641360010952
realx_benchmark_v1,agnam_realx_semisynthetic_v1,COMPLETE,realx_49_r02_moderate,49,tic-tac-toe,categorical,2,moderate,1.0,958,9,0.5041753653444676,0.4999999999996107,574,191,193,765,26091061,26091071,26091081,3,8,8,bottom-left-square::bottom-middle-square|bottom-right-square::middle-middle-square|middle-left-square::top-right-square,bottom-left-square::bottom-middle-square|bottom-right-square::middle-middle-square|middle-left-square::top-right-square,bottom-left-square::top-right-square|bottom-right-square::middle-middle-square|bottom-right-square::top-right-square|middle-left-square::top-right-square|top-middle-square::top-right-square,bottom-right-square::middle-middle-square|middle-left-square::top-right-square,bottom-left-square::bottom-middle-square|bottom-right-square::middle-middle-square|middle-left-square::top-right-square,bottom-middle-square::middle-left-square|middle-middle-square::top-right-square,bottom-left-square::top-right-square|bottom-right-square::middle-middle-square|bottom-right-square::top-right-square|middle-left-square::top-right-square|top-middle-square::top-right-square,bottom-right-square::middle-middle-square|bottom-right-square::top-right-square|middle-middle-square::middle-right-square|middle-middle-square::top-left-square|middle-middle-square::top-middle-square|middle-middle-square::top-right-square|top-left-square::top-middle-square|top-middle-square::top-right-square,0.183989343989344,0.4838643082064135,0.3802608212497539,5,0.4,0.6666666666666666,0.5,2,1.0,0.6666666666666666,0.8,1.0,0.717391304347826,0.7266408380620855,0.6815540249677141,0.655367231638418,0.7717391304347826,0.7857126132151033,0.676980198019802,0.6865671641791045,0.0543478260869565,0.0590717751530178,-0.004573826947912,0.0311999325406864,0.7968144640551011,0.7983383112550726,0.7194360740421868,0.7317533192496957,0.753228583727938,0.7626208264135971,0.7336418424451141,0.7504897672965443,0.0,True,True,71.24490420008078
realx_benchmark_v1,agnam_realx_semisynthetic_v1,COMPLETE,realx_49_r02_strong,49,tic-tac-toe,categorical,2,strong,1.5,958,9,0.4937369519832985,0.5000000000001982,574,191,193,765,26091061,26091071,26091081,3,8,8,bottom-left-square::bottom-middle-square|bottom-right-square::middle-middle-square|middle-left-square::top-right-square,bottom-left-square::bottom-middle-square|bottom-right-square::middle-middle-square|middle-left-square::top-right-square,bottom-left-square::bottom-middle-square|bottom-left-square::bottom-right-square|bottom-right-square::middle-left-square|bottom-right-square::middle-middle-square|middle-left-square::top-right-square,bottom-left-square::bottom-middle-square|bottom-right-square::middle-middle-square|middle-left-square::top-right-square,bottom-left-square::bottom-middle-square|bottom-right-square::middle-middle-square|middle-left-square::top-right-square,bottom-middle-square::middle-left-square|middle-left-square::top-right-square|top-left-square::top-middle-square,bottom-left-square::bottom-middle-square|bottom-left-square::bottom-right-square|bottom-right-square::middle-left-square|bottom-right-square::middle-middle-square|middle-left-square::top-right-square,bottom-left-square::top-left-square|bottom-left-square::top-right-square|middle-left-square::middle-middle-square|middle-left-square::top-left-square|middle-left-square::top-right-square|middle-middle-square::top-left-square|top-left-square::top-right-square|top-middle-square::top-right-square,0.1971428571428571,0.5867684167684168,0.3188594778819403,5,0.6,1.0,0.7499999999999999,3,1.0,1.0,1.0,1.0,0.7086741282823934,0.7146810092270897,0.6454476969436074,0.6179775280898876,0.8590185105467069,0.8512629799835439,0.80364829961257,0.7978723404255319,0.1503443822643134,0.1365819707564542,0.1582006026689626,0.1798948123356443,0.8590185105467069,0.8512629799835439,0.735471373224279,0.7567592137862489,0.8534222987516142,0.8545812654123223,0.7472018941024536,0.7770143876345387,0.0,True,True,73.87132609984837
realx_benchmark_v1,agnam_realx_semisynthetic_v1,COMPLETE,realx_49_r03_null,49,tic-tac-toe,categorical,3,null,0.0,958,9,0.4832985386221294,0.5000000000001701,574,191,193,765,26091161,26091171,26091181,0,8,8,bottom-middle-square::top-left-square|middle-middle-square::top-middle-square|middle-right-square::top-right-square,,bottom-left-square::bottom-right-square|bottom-right-square::middle-left-square|bottom-right-square::middle-middle-square|bottom-right-square::middle-right-square|bottom-right-square::top-middle-square,bottom-right-square::middle-right-square,,middle-right-square::top-right-square,bottom-left-square::bottom-right-square|bottom-right-square::middle-left-square|bottom-right-square::middle-middle-square|bottom-right-square::middle-right-square|bottom-right-square::top-middle-square,bottom-left-square::bottom-right-square|bottom-left-square::top-middle-square|bottom-right-square::middle-left-square|bottom-right-square::middle-middle-square|bottom-right-square::middle-right-square|bottom-right-square::top-middle-square|middle-left-square::top-left-square|middle-left-square::top-middle-square,0.1558974358974359,,,5,,,,1,,,,0.8,0.6933921653034869,0.6301242600023764,0.6430262591476539,0.5952380952380952,0.7017864829961258,0.6413049299062326,0.6489453293155403,0.6081871345029239,0.0083943176926388,0.0111806699038561,0.0059190701678863,0.0129490392648287,0.6933921653034869,0.6301242600023764,0.6940378820490745,0.6261181061102054,0.6901635815755489,0.6261658832457719,0.6944683598794662,0.6264229301388283,0.0,True,True,62.27192339999601
realx_benchmark_v1,agnam_realx_semisynthetic_v1,COMPLETE,realx_49_r03_weak,49,tic-tac-toe,categorical,3,weak,0.5,958,9,0.4895615866388308,0.4999999999997578,574,191,193,765,26091161,26091171,26091181,3,8,8,bottom-middle-square::top-left-square|middle-middle-square::top-middle-square|middle-right-square::top-right-square,bottom-middle-square::top-left-square|middle-middle-square::top-middle-square|middle-right-square::top-right-square,bottom-left-square::bottom-right-square|bottom-right-square::middle-middle-square|bottom-right-square::middle-right-square|bottom-right-square::top-left-square|bottom-right-square::top-right-square,bottom-right-square::top-left-square,bottom-middle-square::top-left-square|middle-middle-square::top-middle-square|middle-right-square::top-right-square,middle-right-square::top-right-square,bottom-left-square::bottom-right-square|bottom-right-square::middle-middle-square|bottom-right-square::middle-right-square|bottom-right-square::top-left-square|bottom-right-square::top-right-square,bottom-left-square::bottom-right-square|bottom-middle-square::bottom-right-square|bottom-right-square::middle-left-square|bottom-right-square::middle-middle-square|bottom-right-square::middle-right-square|bottom-right-square::top-left-square|bottom-right-square::top-middle-square|bottom-right-square::top-right-square,0.2142857142857142,0.1754805755302281,0.199554615561091,5,0.0,0.0,0.0,1,0.0,0.0,0.0,0.8,0.6885492897115799,0.6833656631517284,0.641250538097288,0.5590062111801242,0.7008179078777443,0.6876857163325594,0.6413581575548859,0.6153846153846154,0.0122686181661644,0.0043200531808309,0.0001076194575978,0.0563784042044912,0.7383770985794232,0.7274705875834553,0.7103960396039604,0.6915427804507448,0.6983426603529918,0.6876342266902535,0.6990959965561774,0.6848939355804087,0.0,True,True,55.00892179994844
realx_benchmark_v1,agnam_realx_semisynthetic_v1,COMPLETE,realx_49_r03_moderate,49,tic-tac-toe,categorical,3,moderate,1.0,958,9,0.4968684759916493,0.5000000000009467,574,191,193,765,26091161,26091171,26091181,3,8,8,bottom-middle-square::top-left-square|middle-middle-square::top-middle-square|middle-right-square::top-right-square,bottom-middle-square::top-left-square|middle-middle-square::top-middle-square|middle-right-square::top-right-square,bottom-middle-square::middle-right-square|bottom-middle-square::top-left-square|middle-middle-square::top-middle-square|middle-right-square::top-right-square|top-left-square::top-right-square,bottom-middle-square::top-left-square|middle-middle-square::top-middle-square,bottom-middle-square::top-left-square|middle-middle-square::top-middle-square|middle-right-square::top-right-square,bottom-middle-square::middle-left-square|middle-middle-square::top-right-square,bottom-middle-square::middle-right-square|bottom-middle-square::top-left-square|middle-middle-square::top-middle-square|middle-right-square::top-right-square|top-left-square::top-right-square,bottom-middle-square::middle-right-square|bottom-middle-square::top-left-square|bottom-right-square::middle-middle-square|bottom-right-square::middle-right-square|bottom-right-square::top-middle-square|bottom-right-square::top-right-square|middle-middle-square::top-middle-square|middle-right-square::top-right-square,0.2525607725607726,0.5986963118580766,0.3362568839427058,5,0.6,1.0,0.7499999999999999,2,1.0,0.6666666666666666,0.8,1.0,0.6372168284789644,0.6433608586839192,0.6252966558791802,0.6178010471204188,0.7359223300970874,0.7618988565609547,0.6634304207119741,0.6766169154228856,0.0987055016181229,0.1185379978770354,0.0381337648327939,0.0588158683024667,0.7996763754045308,0.8179286709807252,0.6469255663430421,0.6489034523284566,0.7772384034519957,0.7906554659008452,0.788888888888889,0.7881204957470895,0.0,True,True,79.03796239988878
realx_benchmark_v1,agnam_realx_semisynthetic_v1,COMPLETE,realx_49_r03_strong,49,tic-tac-toe,categorical,3,strong,1.5,958,9,0.4906054279749478,0.4999999999993826,574,191,193,765,26091161,26091171,26091181,3,8,8,bottom-middle-square::top-left-square|middle-middle-square::top-middle-square|middle-right-square::top-right-square,bottom-middle-square::top-left-square|middle-middle-square::top-middle-square|middle-right-square::top-right-square,bottom-middle-square::top-left-square|middle-right-square::top-right-square|top-left-square::top-right-square|top-middle-square::top-right-square,bottom-middle-square::top-left-square|middle-right-square::top-right-square,bottom-middle-square::top-left-square|middle-middle-square::top-middle-square|middle-right-square::top-right-square,bottom-middle-square::middle-left-square|middle-middle-square::top-right-square,bottom-middle-square::top-left-square|middle-right-square::top-right-square|top-left-square::top-right-square|top-middle-square::top-right-square,bottom-left-square::bottom-middle-square|bottom-left-square::bottom-right-square|bottom-middle-square::bottom-right-square|bottom-middle-square::middle-left-square|bottom-middle-square::top-left-square|bottom-middle-square::top-middle-square|bottom-middle-square::top-right-square|bottom-right-square::top-middle-square,0.1854212454212454,0.567956295959633,0.3381132321320571,4,0.5,0.6666666666666666,0.5714285714285715,2,1.0,0.6666666666666666,0.8,1.0,0.6443654384830856,0.6588107785798788,0.6041801335918984,0.5925925925925926,0.7967032967032966,0.8141598307401213,0.7088989441930618,0.7254901960784313,0.152337858220211,0.1553490521602425,0.1047188106011633,0.1328976034858388,0.8403361344537815,0.8581945668558288,0.6373626373626374,0.6485712044690332,0.7721396250808016,0.798822164250135,0.7179487179487178,0.7554791439778117,0.0,True,True,75.16437599994242
realx_benchmark_v1,agnam_realx_semisynthetic_v1,COMPLETE,realx_49_r04_null,49,tic-tac-toe,categorical,4,null,0.0,958,9,0.4947807933194154,0.499999999999868,574,191,193,765,26091261,26091271,26091281,0,8,8,bottom-left-square::top-middle-square|bottom-middle-square::bottom-right-square|middle-left-square::top-right-square,,bottom-left-square::bottom-middle-square|bottom-left-square::top-left-square|bottom-middle-square::top-left-square,,,,bottom-left-square::bottom-middle-square|bottom-left-square::top-left-square|bottom-middle-square::top-left-square,bottom-left-square::bottom-middle-square|bottom-middle-square::middle-middle-square|bottom-middle-square::middle-right-square|bottom-middle-square::top-left-square|bottom-middle-square::top-right-square|middle-middle-square::top-left-square|middle-right-square::top-left-square|top-left-square::top-right-square,0.1604395604395604,,,3,,,,0,,,,1.0,0.7370010787486514,0.6870333351315794,0.6744336569579288,0.6114649681528662,0.7370010787486514,0.6870333351315794,0.6744336569579288,0.6114649681528662,0.0,0.0,0.0,0.0,0.7370010787486514,0.6870333351315794,0.7370010787486514,0.6870333351315794,0.7501618122977346,0.6880111923399193,0.7529665587918015,0.7064374112499228,0.0,True,True,59.2805623000022
realx_benchmark_v1,agnam_realx_semisynthetic_v1,COMPLETE,realx_49_r04_weak,49,tic-tac-toe,categorical,4,weak,0.5,958,9,0.4916492693110647,0.4999999999998698,574,191,193,765,26091261,26091271,26091281,3,8,8,bottom-left-square::top-middle-square|bottom-middle-square::bottom-right-square|middle-left-square::top-right-square,bottom-left-square::top-middle-square|bottom-middle-square::bottom-right-square|middle-left-square::top-right-square,bottom-left-square::bottom-middle-square|bottom-left-square::bottom-right-square|bottom-left-square::middle-left-square|bottom-left-square::middle-middle-square|bottom-left-square::top-left-square|bottom-left-square::top-right-square,bottom-left-square::middle-left-square,bottom-left-square::top-middle-square|bottom-middle-square::bottom-right-square|middle-left-square::top-right-square,bottom-middle-square::middle-middle-square,bottom-left-square::bottom-middle-square|bottom-left-square::bottom-right-square|bottom-left-square::middle-left-square|bottom-left-square::middle-middle-square|bottom-left-square::top-left-square|bottom-left-square::top-right-square,bottom-left-square::bottom-middle-square|bottom-left-square::middle-middle-square|bottom-left-square::top-right-square|bottom-middle-square::middle-right-square|bottom-middle-square::top-right-square|middle-middle-square::top-right-square|middle-right-square::top-left-square|top-left-square::top-right-square,0.2118281718281718,0.2416768749705931,0.2104281842086345,6,0.0,0.0,0.0,1,0.0,0.0,0.0,0.8333333333333334,0.7637208297320657,0.7106513172066904,0.7072709593777009,0.6818181818181818,0.7644770959377701,0.7177875274965888,0.7048941227312013,0.6885245901639344,0.0007562662057044,0.0071362102898984,-0.0023768366464995,0.0067064083457526,0.8023984442523768,0.7789191159766953,0.7656655142610198,0.7125402734270823,0.7614520311149524,0.7037208333324372,0.746218668971478,0.7013664932777036,0.0,True,True,83.13259409996681
realx_benchmark_v1,agnam_realx_semisynthetic_v1,COMPLETE,realx_49_r04_moderate,49,tic-tac-toe,categorical,4,moderate,1.0,958,9,0.4968684759916493,0.500000000000173,574,191,193,765,26091261,26091271,26091281,3,8,8,bottom-left-square::top-middle-square|bottom-middle-square::bottom-right-square|middle-left-square::top-right-square,bottom-left-square::top-middle-square|bottom-middle-square::bottom-right-square|middle-left-square::top-right-square,bottom-left-square::middle-left-square|bottom-left-square::top-middle-square|bottom-left-square::top-right-square|bottom-middle-square::bottom-right-square|bottom-right-square::top-right-square|middle-left-square::top-right-square|top-middle-square::top-right-square,bottom-left-square::middle-left-square|bottom-left-square::top-middle-square|bottom-middle-square::bottom-right-square|bottom-right-square::top-right-square|middle-left-square::top-right-square,bottom-left-square::top-middle-square|bottom-middle-square::bottom-right-square|middle-left-square::top-right-square,bottom-middle-square::middle-left-square|bottom-middle-square::top-right-square|bottom-right-square::top-right-square|middle-left-square::top-middle-square|middle-right-square::top-left-square,bottom-left-square::middle-left-square|bottom-left-square::top-middle-square|bottom-left-square::top-right-square|bottom-middle-square::bottom-right-square|bottom-right-square::top-right-square|middle-left-square::top-right-square|top-middle-square::top-right-square,bottom-left-square::middle-left-square|bottom-left-square::top-middle-square|bottom-left-square::top-right-square|bottom-middle-square::bottom-right-square|bottom-right-square::top-right-square|middle-left-square::top-right-square|middle-middle-square::top-right-square|top-middle-square::top-right-square,0.3047219447219447,0.5417571225071225,0.1760901533934296,7,0.4285714285714285,1.0,0.6,5,0.6,1.0,0.7499999999999999,0.5,0.7157139752227777,0.6571445994187651,0.6784394696805043,0.6390532544378699,0.7871114975005434,0.7738303313768753,0.6853944794609867,0.6511627906976745,0.0713975222777657,0.1166857319581101,0.0069550097804824,0.0121095362598045,0.7821125842208215,0.7680934510716841,0.7121277983047164,0.6477577732542048,0.7908063464464248,0.774194388298149,0.7940665072810259,0.7755072970541388,0.0,True,True,106.6698135000188
realx_benchmark_v1,agnam_realx_semisynthetic_v1,COMPLETE,realx_49_r04_strong,49,tic-tac-toe,categorical,4,strong,1.5,958,9,0.4864300626304801,0.4999999999996576,574,191,193,765,26091261,26091271,26091281,3,8,8,bottom-left-square::top-middle-square|bottom-middle-square::bottom-right-square|middle-left-square::top-right-square,bottom-left-square::top-middle-square|bottom-middle-square::bottom-right-square|middle-left-square::top-right-square,bottom-left-square::top-right-square|bottom-middle-square::bottom-right-square|bottom-middle-square::top-right-square|top-left-square::top-right-square|top-middle-square::top-right-square,bottom-middle-square::bottom-right-square|top-middle-square::top-right-square,bottom-left-square::top-middle-square|bottom-middle-square::bottom-right-square|middle-left-square::top-right-square,bottom-left-square::middle-middle-square|middle-left-square::middle-middle-square,bottom-left-square::top-right-square|bottom-middle-square::bottom-right-square|bottom-middle-square::top-right-square|top-left-square::top-right-square|top-middle-square::top-right-square,bottom-left-square::bottom-middle-square|bottom-left-square::top-right-square|bottom-middle-square::middle-middle-square|bottom-middle-square::middle-right-square|bottom-middle-square::top-left-square|bottom-middle-square::top-right-square|middle-middle-square::top-right-square|top-left-square::top-right-square,0.1908757908757908,0.3892098301308827,0.3077787140745003,5,0.2,0.3333333333333333,0.25,2,0.5,0.3333333333333333,0.4,0.75,0.7057667103538663,0.6727912798589122,0.6525775447793796,0.6304347826086957,0.7233508082131935,0.6899151190895164,0.6521952817824377,0.6071428571428571,0.0175840978593272,0.0171238392306042,-0.0003822629969418,-0.0232919254658385,0.8469855832241152,0.8321203132121815,0.7214941022280472,0.687386794065148,0.7400611620795107,0.6926939644730526,0.7079510703363915,0.6660094206367635,0.0,True,True,69.84662279998884
realx_benchmark_v1,agnam_realx_semisynthetic_v1,COMPLETE,realx_49_r05_null,49,tic-tac-toe,categorical,5,null,0.0,958,9,0.4885177453027139,0.50000000000083,574,191,193,765,26091361,26091371,26091381,0,8,8,bottom-middle-square::top-left-square|bottom-right-square::middle-left-square|top-middle-square::top-right-square,,bottom-left-square::top-left-square,,,,bottom-left-square::top-left-square,bottom-left-square::middle-middle-square|bottom-left-square::top-middle-square|bottom-left-square::top-right-square|bottom-middle-square::middle-right-square|middle-middle-square::middle-right-square|middle-middle-square::top-middle-square|middle-right-square::top-middle-square|top-middle-square::top-right-square,0.1152380952380952,,,1,,,,0,,,,1.0,0.6917154630232054,0.6779683156249698,0.5856104966384732,0.3423423423423423,0.6917154630232054,0.6779683156249698,0.5856104966384732,0.3423423423423423,0.0,0.0,0.0,0.0,0.6917154630232054,0.6779683156249698,0.6917154630232054,0.6779683156249698,0.6950769898069833,0.669808503221724,0.7086315332899588,0.6703828659647836,0.0,True,True,58.51074379985221
realx_benchmark_v1,agnam_realx_semisynthetic_v1,COMPLETE,realx_49_r05_weak,49,tic-tac-toe,categorical,5,weak,0.5,958,9,0.477035490605428,0.4999999999993961,574,191,193,765,26091361,26091371,26091381,3,8,8,bottom-middle-square::top-left-square|bottom-right-square::middle-left-square|top-middle-square::top-right-square,bottom-middle-square::top-left-square|bottom-right-square::middle-left-square|top-middle-square::top-right-square,bottom-left-square::middle-right-square|middle-right-square::top-left-square|middle-right-square::top-middle-square,,bottom-middle-square::top-left-square|bottom-right-square::middle-left-square|top-middle-square::top-right-square,,bottom-left-square::middle-right-square|middle-right-square::top-left-square|middle-right-square::top-middle-square,bottom-left-square::top-right-square|bottom-middle-square::middle-right-square|bottom-right-square::middle-right-square|middle-middle-square::middle-right-square|middle-middle-square::top-middle-square|middle-right-square::top-left-square|middle-right-square::top-middle-square|middle-right-square::top-right-square,0.1525607725607725,0.167456575016609,0.1653046240625779,3,0.0,0.0,0.0,0,0.0,0.0,0.0,1.0,0.7138344226579522,0.6926540522483344,0.6838779956427015,0.618421052631579,0.7138344226579522,0.6926540522483344,0.6838779956427015,0.618421052631579,0.0,0.0,0.0,0.0,0.7324618736383441,0.7030671874872476,0.7138344226579522,0.6926540522483344,0.7379084967320262,0.7061679885809847,0.7311546840958606,0.7061558650628242,0.0,True,True,59.65157129988074
realx_benchmark_v1,agnam_realx_semisynthetic_v1,COMPLETE,realx_49_r05_moderate,49,tic-tac-toe,categorical,5,moderate,1.0,958,9,0.4791231732776618,0.5000000000007265,574,191,193,765,26091361,26091371,26091381,3,8,8,bottom-middle-square::top-left-square|bottom-right-square::middle-left-square|top-middle-square::top-right-square,bottom-middle-square::top-left-square|bottom-right-square::middle-left-square|top-middle-square::top-right-square,,,bottom-middle-square::top-left-square|bottom-right-square::middle-left-square|top-middle-square::top-right-square,,,bottom-left-square::middle-middle-square|bottom-left-square::middle-right-square|bottom-left-square::top-middle-square|bottom-middle-square::middle-right-square|bottom-right-square::middle-right-square|middle-middle-square::middle-right-square|middle-middle-square::top-middle-square|middle-right-square::top-middle-square,0.094025974025974,0.3235663541755407,0.2616812245311787,0,0.0,0.0,0.0,0,0.0,0.0,0.0,,0.6866535605067714,0.6133189529250098,0.6430209698558322,0.6,0.6866535605067714,0.6133189529250098,0.6430209698558322,0.6,0.0,0.0,0.0,0.0,0.7979467016164263,0.733365890307786,0.6866535605067714,0.6133189529250098,0.6866535605067714,0.6133189529250098,0.715050240279598,0.6214632212241268,0.0,True,True,61.75990439997986
realx_benchmark_v1,agnam_realx_semisynthetic_v1,COMPLETE,realx_49_r05_strong,49,tic-tac-toe,categorical,5,strong,1.5,958,9,0.4822546972860125,0.4999999999996048,574,191,193,765,26091361,26091371,26091381,3,8,8,bottom-middle-square::top-left-square|bottom-right-square::middle-left-square|top-middle-square::top-right-square,bottom-middle-square::top-left-square|bottom-right-square::middle-left-square|top-middle-square::top-right-square,bottom-middle-square::top-left-square|bottom-right-square::middle-left-square|middle-left-square::top-left-square|top-middle-square::top-right-square,bottom-middle-square::top-left-square|bottom-right-square::middle-left-square|top-middle-square::top-right-square,bottom-middle-square::top-left-square|bottom-right-square::middle-left-square|top-middle-square::top-right-square,bottom-right-square::middle-middle-square|bottom-right-square::top-middle-square|middle-left-square::middle-right-square,bottom-middle-square::top-left-square|bottom-right-square::middle-left-square|middle-left-square::top-left-square|top-middle-square::top-right-square,bottom-left-square::middle-middle-square|bottom-left-square::middle-right-square|bottom-left-square::top-middle-square|bottom-middle-square::middle-right-square|bottom-right-square::middle-right-square|middle-middle-square::middle-right-square|middle-middle-square::top-middle-square|middle-right-square::top-middle-square,0.2206526806526806,0.7379685746352413,0.3768952124883691,4,0.75,1.0,0.8571428571428571,3,1.0,1.0,1.0,1.0,0.6547104580812446,0.5959405295026693,0.5973422644770959,0.5308641975308642,0.8408599827139154,0.8134403860186521,0.7626404494382022,0.75,0.1861495246326707,0.2174998565159828,0.1652981849611062,0.2191358024691357,0.8408599827139154,0.8134403860186521,0.6524416594641314,0.5956206157901998,0.8312445980985307,0.805416692185521,0.6621650821089023,0.6037181880685142,0.0,True,True,76.73601180012338
realx_benchmark_v1,agnam_realx_semisynthetic_v1,COMPLETE,realx_3_r01_null,3,kr-vs-kp,categorical,1,null,0.0,3196,36,0.5159574468085106,0.5000000000002189,1917,639,640,2556,26100961,26100971,26100981,0,20,20,bkxbq::skrxp|dwipd::simpl|qxmsq::rkxwp,,,,,,,bknwy::reskr|bknwy::wtoeg|bkxcr::reskr|bkxwp::reskr|blxwp::reskr|cntxt::reskr|dsopp::reskr|dsopp::simpl|dsopp::wkpos|hdchk::reskr|r2ar8::reskr|reskr::rimmx|reskr::rkxwp|reskr::rxmsq|reskr::simpl|reskr::skewr|reskr::wknck|reskr::wkpos|reskr::wtoeg|wkpos::wtoeg,0.0129554655870445,,,0,,,,0,,,,,0.7114288246241102,0.7116699224881792,0.6751740367668055,0.7057142857142857,0.7114288246241102,0.7116699224881792,0.6751740367668055,0.7057142857142857,0.0,0.0,0.0,0.0,0.7114288246241102,0.7116699224881792,0.7114288246241102,0.7116699224881792,0.7114288246241102,0.7116699224881792,0.7078545476028713,0.7000005312691566,0.0,True,True,317.3278115000576
realx_benchmark_v1,agnam_realx_semisynthetic_v1,COMPLETE,realx_3_r01_weak,3,kr-vs-kp,categorical,1,weak,0.5,3196,36,0.5112640801001251,0.500000000000211,1917,639,640,2556,26100961,26100971,26100981,3,20,20,bkxbq::skrxp|dwipd::simpl|qxmsq::rkxwp,bkxbq::skrxp|dwipd::simpl|qxmsq::rkxwp,r2ar8::wtoeg|reskr::simpl,r2ar8::wtoeg|reskr::simpl,bkxbq::skrxp|dwipd::simpl|qxmsq::rkxwp,bkxcr::skach|katri::thrsk,r2ar8::wtoeg|reskr::simpl,bknwy::reskr|bknwy::wkovl|bkxcr::reskr|bkxwp::reskr|blxwp::reskr|cntxt::reskr|dsopp::qxmsq|dsopp::reskr|dsopp::simpl|dsopp::wkpos|katri::reskr|qxmsq::reskr|r2ar8::reskr|reskd::simpl|reskr::rkxwp|reskr::rxmsq|reskr::simpl|reskr::skewr|reskr::wknck|reskr::wkpos,0.034873740136898,0.0835795816729509,0.1454549159455256,2,0.0,0.0,0.0,2,0.0,0.0,0.0,0.0,0.6846298354496365,0.6826610904692547,0.6545819358519145,0.6802325581395349,0.68751167983004,0.6813170135494699,0.6514345290200745,0.6773255813953488,0.0028818443804035,-0.0013440769197847,-0.00314740683184,-0.002906976744186,0.7068190536141081,0.726448395982021,0.6880919829646605,0.690698569543845,0.68751167983004,0.6813170135494699,0.6799382321409252,0.6695101653043873,0.0,True,True,376.3413977001328
realx_benchmark_v1,agnam_realx_semisynthetic_v1,COMPLETE,realx_3_r01_moderate,3,kr-vs-kp,categorical,1,moderate,1.0,3196,36,0.5062578222778473,0.4999999999996018,1917,639,640,2556,26100961,26100971,26100981,3,20,20,bkxbq::skrxp|dwipd::simpl|qxmsq::rkxwp,bkxbq::skrxp|dwipd::simpl|qxmsq::rkxwp,bkona::dwipd|bkxbq::simpl|blxwp::simpl|cntxt::dwipd|dsopp::simpl|dwipd::qxmsq|dwipd::simpl|r2ar8::simpl|reskr::simpl,bkona::dwipd|bkxbq::simpl|blxwp::simpl|cntxt::dwipd|dwipd::qxmsq|dwipd::simpl|r2ar8::simpl|reskr::simpl,bkxbq::skrxp|dwipd::simpl|qxmsq::rkxwp,bkblk::hdchk|bkxcr::rxmsq|blxwp::dsopp|bxqsq::spcop|dsopp::katri|katri::r2ar8|katri::skewr|skach::stlmt,bkona::dwipd|bkxbq::simpl|blxwp::simpl|cntxt::dwipd|dsopp::simpl|dwipd::qxmsq|dwipd::simpl|r2ar8::simpl|reskr::simpl,bkblk::dsopp|bkspr::simpl|bkxbq::dsopp|bkxbq::simpl|bkxcr::simpl|blxwp::simpl|bxqsq::simpl|dsopp::dwipd|dsopp::mulch|dsopp::reskr|dsopp::rkxwp|dsopp::simpl|dsopp::thrsk|dsopp::wkovl|dsopp::wtoeg|dwipd::simpl|mulch::simpl|r2ar8::simpl|reskr::simpl|simpl::wknck,0.1657984569749275,0.2515264469122913,0.1228202911967874,9,0.1111111111111111,0.3333333333333333,0.1666666666666666,8,0.125,0.3333333333333333,0.1818181818181818,0.125,0.6686034568770725,0.6217812466344195,0.6529086089346676,0.6773722627737226,0.6971173127524918,0.6763182467049531,0.6473868004812631,0.6790830945558739,0.0285138558754193,0.0545370000705336,-0.0055218084534045,0.0017108317821512,0.7387485205074782,0.7392608346504997,0.667390517553384,0.6199793195140775,0.7020962330408586,0.684068700996971,0.6998562079995305,0.6778168076375278,0.0,True,True,419.6069543000776
realx_benchmark_v1,agnam_realx_semisynthetic_v1,COMPLETE,realx_3_r01_strong,3,kr-vs-kp,categorical,1,strong,1.5,3196,36,0.5059449311639549,0.5000000000002329,1917,639,640,2556,26100961,26100971,26100981,3,20,20,bkxbq::skrxp|dwipd::simpl|qxmsq::rkxwp,bkxbq::skrxp|dwipd::simpl|qxmsq::rkxwp,bknwy::dwipd|bkxbq::skrxp|dwipd::qxmsq|dwipd::simpl|dwipd::skrxp,bkxbq::skrxp|dwipd::simpl,bkxbq::skrxp|dwipd::simpl|qxmsq::rkxwp,bkxcr::skach|katri::thrsk,bknwy::dwipd|bkxbq::skrxp|dwipd::qxmsq|dwipd::simpl|dwipd::skrxp,bkon8::dwipd|bkxbq::bkxcr|bkxbq::blxwp|bkxbq::cntxt|bkxbq::dwipd|bkxbq::rkxwp|bkxbq::skrxp|bkxbq::wknck|bkxbq::wkovl|bkxbq::wtoeg|bkxcr::dwipd|dwipd::r2ar8|dwipd::simpl|dwipd::skrxp|dwipd::thrsk|dwipd::wkcti|dwipd::wkovl|dwipd::wtoeg|rimmx::skrxp|skrxp::wkovl,0.1101920513685219,0.4260367896862798,0.2629281305015492,5,0.4,0.6666666666666666,0.5,2,1.0,0.6666666666666666,0.8,1.0,0.6881922429650502,0.6445913876852282,0.6647000117412234,0.6935251798561151,0.7732182693436656,0.7598522276045643,0.7050213298892412,0.6993670886075949,0.0850260263786153,0.1152608399193361,0.0403213181480177,0.0058419087514798,0.7881491918124535,0.7883167855453713,0.6913330202340416,0.6490368910500512,0.7720637157058432,0.7580489069290391,0.7717408320613675,0.7595923820996155,0.0,True,True,419.43993120011874
realx_benchmark_v1,agnam_realx_semisynthetic_v1,COMPLETE,realx_3_r02_null,3,kr-vs-kp,categorical,2,null,0.0,3196,36,0.4868585732165206,0.5000000000001114,1917,639,640,2556,26101061,26101071,26101081,0,20,20,bxqsq::qxmsq|reskd::wkcti|rxmsq::wknck,,,,,,,bkona::cntxt|bkspr::bkxcr|bkspr::blxwp|bkxbq::bkxcr|bkxbq::blxwp|bkxbq::mulch|bkxbq::rkxwp|bkxwp::blxwp|blxwp::hdchk|blxwp::simpl|blxwp::wknck|blxwp::wkpos|blxwp::wtoeg|cntxt::r2ar8|cntxt::reskd|cntxt::rimmx|cntxt::rkxwp|cntxt::wkcti|katri::rkxwp|mulch::rkxwp,0.0266075792391581,,,0,,,,0,,,,,0.6652589530585477,0.6186008163703823,0.6319209825509757,0.5603112840466926,0.6652589530585477,0.6186008163703823,0.6319209825509757,0.5603112840466926,0.0,0.0,0.0,0.0,0.6652589530585477,0.6186008163703823,0.6652589530585477,0.6186008163703823,0.6652589530585477,0.6186008163703823,0.6650701538216941,0.6104026818063875,0.0,True,True,367.7578855000902
realx_benchmark_v1,agnam_realx_semisynthetic_v1,COMPLETE,realx_3_r02_weak,3,kr-vs-kp,categorical,2,weak,0.5,3196,36,0.4921777221526908,0.5000000000009277,1917,639,640,2556,26101061,26101071,26101081,3,20,20,bxqsq::qxmsq|reskd::wkcti|rxmsq::wknck,bxqsq::qxmsq|reskd::wkcti|rxmsq::wknck,,,bxqsq::qxmsq|reskd::wkcti|rxmsq::wknck,,,bkon8::bkxbq|bkon8::blxwp|bkon8::bxqsq|bkon8::cntxt|bkon8::dsopp|bkon8::r2ar8|bkon8::rimmx|bkon8::rkxwp|bkon8::rxmsq|bkon8::simpl|bkon8::skach|bkon8::wkcti|bkon8::wkna8|bkon8::wknck|bkon8::wkpos|bkona::cntxt|bkxbq::rkxwp|r2ar8::rkxwp|rkxwp::spcop|rkxwp::thrsk,0.015519568151147,0.0827852864127753,0.1521174578263279,0,0.0,0.0,0.0,0,0.0,0.0,0.0,,0.6687967829272177,0.6234928223517414,0.6234472049689441,0.5578747628083491,0.6687967829272177,0.6234928223517414,0.6234472049689441,0.5578747628083491,0.0,0.0,0.0,0.0,0.6852603917821309,0.6403440912328012,0.6687967829272177,0.6234928223517414,0.6687967829272177,0.6234928223517414,0.6692447045707914,0.6269114086854362,0.0,True,True,431.5002840999514
realx_benchmark_v1,agnam_realx_semisynthetic_v1,COMPLETE,realx_3_r02_moderate,3,kr-vs-kp,categorical,2,moderate,1.0,3196,36,0.4943679599499374,0.500000000000459,1917,639,640,2556,26101061,26101071,26101081,3,20,20,bxqsq::qxmsq|reskd::wkcti|rxmsq::wknck,bxqsq::qxmsq|reskd::wkcti|rxmsq::wknck,,,bxqsq::qxmsq|reskd::wkcti|rxmsq::wknck,,,bkblk::bxqsq|bkblk::rxmsq|bkblk::skewr|bkon8::bkxbq|bkon8::reskd|bkon8::reskr|bkon8::wknck|bkon8::wkovl|bkona::reskr|bkxbq::reskd|bkxbq::wknck|bkxcr::wkna8|bxqsq::reskd|bxqsq::skewr|cntxt::rxmsq|r2ar8::reskd|r2ar8::rxmsq|reskd::wkna8|skrxp::wkna8|wkna8::wknck,0.0129554655870445,0.0122352513342811,0.0061755920377292,0,0.0,0.0,0.0,0,0.0,0.0,0.0,,0.6622091812964046,0.6157105152569002,0.623063273823095,0.5601503759398496,0.6622091812964046,0.6157105152569002,0.623063273823095,0.5601503759398496,0.0,0.0,0.0,0.0,0.6988074822311878,0.6582201137118394,0.6622091812964046,0.6157105152569002,0.6622091812964046,0.6157105152569002,0.6603951268351194,0.6149565101698471,0.0,True,True,480.4019069999922
realx_benchmark_v1,agnam_realx_semisynthetic_v1,COMPLETE,realx_3_r02_strong,3,kr-vs-kp,categorical,2,strong,1.5,3196,36,0.4918648310387985,0.5000000000001904,1917,639,640,2556,26101061,26101071,26101081,3,20,20,bxqsq::qxmsq|reskd::wkcti|rxmsq::wknck,bxqsq::qxmsq|reskd::wkcti|rxmsq::wknck,,,bxqsq::qxmsq|reskd::wkcti|rxmsq::wknck,,,bkblk::katri|bkblk::rxmsq|bkblk::skewr|bkblk::wkpos|bkon8::bkxbq|bkon8::blxwp|bkon8::bxqsq|bkon8::reskd|bkon8::reskr|bkon8::wkna8|bkon8::wknck|bkon8::wkovl|bkon8::wkpos|bkxbq::cntxt|bkxbq::wkcti|bkxbq::wknck|bkxbq::wtoeg|bxqsq::hdchk|r2ar8::reskd|wknck::wkpos,0.0377674956622325,0.0885180776255373,0.1532050309616345,0,0.0,0.0,0.0,0,0.0,0.0,0.0,,0.6789980043487327,0.6189928080982015,0.6239537723766122,0.5809859154929577,0.6789980043487327,0.6189928080982015,0.6239537723766122,0.5809859154929577,0.0,0.0,0.0,0.0,0.7206882514719171,0.6803665712979906,0.6789980043487327,0.6189928080982015,0.6789980043487327,0.6189928080982015,0.6756619902898162,0.6147459340001818,0.0,True,True,484.4258761999663
realx_benchmark_v1,agnam_realx_semisynthetic_v1,COMPLETE,realx_3_r03_null,3,kr-vs-kp,categorical,3,null,0.0,3196,36,0.5015644555694618,0.4999999999996188,1917,639,640,2556,26101161,26101171,26101181,0,20,20,bkxbq::skach|r2ar8::wtoeg|simpl::wkpos,,bkxwp::r2ar8|cntxt::r2ar8,bkxwp::r2ar8|cntxt::r2ar8,,bkblk::cntxt|bkxbq::blxwp,bkxwp::r2ar8|cntxt::r2ar8,bknwy::bkxwp|bkon8::bkxwp|bkon8::rxmsq|bkspr::cntxt|bkspr::dsopp|bkxbq::bkxcr|bkxbq::wknck|bkxcr::r2ar8|bkxcr::skach|bkxwp::cntxt|bkxwp::dsopp|bkxwp::katri|bkxwp::r2ar8|bkxwp::thrsk|bxqsq::katri|cntxt::r2ar8|dsopp::r2ar8|dsopp::reskr|dsopp::rxmsq|dsopp::thrsk,0.0413321939637729,,,2,,,,2,,,,0.0,0.6402138157894737,0.6769031898201805,0.612233709273183,0.5124282982791587,0.649827694235589,0.6869797965575226,0.5911654135338347,0.5686274509803921,0.0096138784461152,0.0100766067373421,-0.0210682957393483,0.0561991527012334,0.6402138157894737,0.6769031898201805,0.6422795269423558,0.680223078217465,0.649827694235589,0.6869797965575226,0.6380012531328321,0.6729786971586287,0.0,True,True,380.8944524000399
realx_benchmark_v1,agnam_realx_semisynthetic_v1,COMPLETE,realx_3_r03_weak,3,kr-vs-kp,categorical,3,weak,0.5,3196,36,0.5,0.4999999999991648,1917,639,640,2556,26101161,26101171,26101181,3,20,20,bkxbq::skach|r2ar8::wtoeg|simpl::wkpos,bkxbq::skach|r2ar8::wtoeg|simpl::wkpos,,,bkxbq::skach|r2ar8::wtoeg|simpl::wkpos,,,bkblk::bkxwp|bkblk::bxqsq|bkblk::stlmt|bknwy::wkna8|bkspr::r2ar8|bkxwp::bxqsq|bkxwp::wkovl|bxqsq::hdchk|bxqsq::katri|bxqsq::qxmsq|bxqsq::r2ar8|bxqsq::reskr|bxqsq::rimmx|bxqsq::rkxwp|bxqsq::skrxp|bxqsq::spcop|bxqsq::stlmt|bxqsq::wkna8|cntxt::stlmt|stlmt::wkna8,0.0078272604588394,0.0116597174518049,0.0072058272725933,0,0.0,0.0,0.0,0,0.0,0.0,0.0,,0.6113409826764875,0.6493782196515068,0.5409611565963357,0.5816618911174785,0.6113409826764875,0.6493782196515068,0.5409611565963357,0.5816618911174785,0.0,0.0,0.0,0.0,0.6852813725777895,0.7065673383056951,0.6113409826764875,0.6493782196515068,0.6113409826764875,0.6493782196515068,0.6362160205808414,0.6721704002423216,0.0,True,True,315.465766799869
realx_benchmark_v1,agnam_realx_semisynthetic_v1,COMPLETE,realx_3_r03_moderate,3,kr-vs-kp,categorical,3,moderate,1.0,3196,36,0.493116395494368,0.499999999999737,1917,639,640,2556,26101161,26101171,26101181,3,20,20,bkxbq::skach|r2ar8::wtoeg|simpl::wkpos,bkxbq::skach|r2ar8::wtoeg|simpl::wkpos,bkspr::simpl|bkxbq::simpl|cntxt::simpl|r2ar8::simpl|r2ar8::wtoeg|reskr::simpl|simpl::skrxp|simpl::thrsk|simpl::wknck|simpl::wkpos|wkovl::wtoeg,bkspr::simpl|bkxbq::simpl|cntxt::simpl|r2ar8::wtoeg|reskr::simpl|simpl::skrxp|simpl::wknck|simpl::wkpos|wkovl::wtoeg,bkxbq::skach|r2ar8::wtoeg|simpl::wkpos,bkblk::cntxt|bkon8::mulch|bkxbq::bkxcr|bxqsq::cntxt|bxqsq::skach|cntxt::spcop|dsopp::wkcti|r2ar8::wkpos|reskd::wkpos,bkspr::simpl|bkxbq::simpl|cntxt::simpl|r2ar8::simpl|r2ar8::wtoeg|reskr::simpl|simpl::skrxp|simpl::thrsk|simpl::wknck|simpl::wkpos|wkovl::wtoeg,bkblk::simpl|bkblk::wtoeg|bkspr::simpl|bxqsq::simpl|cntxt::simpl|hdchk::simpl|r2ar8::simpl|r2ar8::wtoeg|reskr::simpl|rimmx::simpl|rkxwp::simpl|simpl::skewr|simpl::skrxp|simpl::stlmt|simpl::thrsk|simpl::wkna8|simpl::wknck|simpl::wkovl|simpl::wkpos|wkovl::wtoeg,0.1898972101059387,0.4829941697696441,0.2048029451854002,11,0.1818181818181818,0.6666666666666666,0.2857142857142857,9,0.2222222222222222,0.6666666666666666,0.3333333333333333,0.2222222222222222,0.6335322440448867,0.6504332754848884,0.5684190993349025,0.5855855855855856,0.7408365969665303,0.735015835427748,0.6676709867078161,0.6513911620294599,0.1073043529216435,0.0845825599428595,0.0992518873729135,0.0658055764438743,0.7394497563262395,0.7367662752033652,0.6312371204500395,0.6472689714173305,0.7401334101630027,0.7336715536218889,0.7439130392319637,0.738852348075355,0.0,True,True,477.4302002999466
realx_benchmark_v1,agnam_realx_semisynthetic_v1,COMPLETE,realx_3_r03_strong,3,kr-vs-kp,categorical,3,strong,1.5,3196,36,0.4946808510638298,0.4999999999993614,1917,639,640,2556,26101161,26101171,26101181,3,20,20,bkxbq::skach|r2ar8::wtoeg|simpl::wkpos,bkxbq::skach|r2ar8::wtoeg|simpl::wkpos,bkspr::simpl|bxqsq::simpl|r2ar8::simpl|r2ar8::wtoeg|simpl::skewr|simpl::wkpos,bkspr::simpl|bxqsq::simpl|r2ar8::simpl|r2ar8::wtoeg|simpl::skewr|simpl::wkpos,bkxbq::skach|r2ar8::wtoeg|simpl::wkpos,bkblk::cntxt|bkon8::mulch|bkxbq::bkxwp|cntxt::thrsk|reskd::reskr|reskr::rkxwp,bkspr::simpl|bxqsq::simpl|r2ar8::simpl|r2ar8::wtoeg|simpl::skewr|simpl::wkpos,bkblk::wtoeg|bknwy::simpl|bkon8::wkpos|bkspr::simpl|bxqsq::r2ar8|cntxt::wkpos|hdchk::simpl|hdchk::wkpos|katri::simpl|mulch::simpl|r2ar8::simpl|r2ar8::wtoeg|reskr::simpl|rxmsq::simpl|simpl::skewr|simpl::spcop|simpl::wkna8|simpl::wkpos|wkcti::wtoeg|wknck::wkpos,0.1518487618332819,0.5896851859349928,0.1245644351403667,6,0.3333333333333333,0.6666666666666666,0.4444444444444444,6,0.3333333333333333,0.6666666666666666,0.4444444444444444,0.0,0.6374700854700854,0.658889497540329,0.5804884004884006,0.5611745513866232,0.7823589743589743,0.7797143619180316,0.7185103785103785,0.7517337031900139,0.1448888888888888,0.1208248643777025,0.1380219780219779,0.1905591518033906,0.7815286935286936,0.7816563061542225,0.6506373626373626,0.6699241438370185,0.7823589743589743,0.7797143619180316,0.7779926739926739,0.7773752452515842,0.0,True,True,400.5103470000904
realx_benchmark_v1,agnam_realx_semisynthetic_v1,COMPLETE,realx_3_r04_null,3,kr-vs-kp,categorical,4,null,0.0,3196,36,0.5,0.5000000000008292,1917,639,640,2556,26101261,26101271,26101281,0,20,20,bkona::rkxwp|bkxbq::skewr|katri::skrxp,,,,,,,bkblk::wkcti|bknwy::wkcti|bknwy::wkna8|bkona::wkcti|bkspr::wkcti|bkxcr::wkcti|blxwp::wkcti|blxwp::wkpos|dwipd::wkcti|hdchk::wkcti|katri::wkcti|qxmsq::wkcti|r2ar8::wkcti|reskr::wkcti|rimmx::wkcti|skrxp::wkcti|spcop::wkcti|wkcti::wknck|wkcti::wkpos|wkcti::wtoeg,0.0273761326392905,,,0,,,,0,,,,,0.7291607536090041,0.7210860613864047,0.687252263273795,0.6753246753246753,0.7291607536090041,0.7210860613864047,0.687252263273795,0.6753246753246753,0.0,0.0,0.0,0.0,0.7291607536090041,0.7210860613864047,0.7291607536090041,0.7210860613864047,0.7291607536090041,0.7210860613864047,0.7120137019818938,0.7014734193450485,0.0,True,True,299.9779217999894
realx_benchmark_v1,agnam_realx_semisynthetic_v1,COMPLETE,realx_3_r04_weak,3,kr-vs-kp,categorical,4,weak,0.5,3196,36,0.5025031289111389,0.5000000000007926,1917,639,640,2556,26101261,26101271,26101281,3,20,20,bkona::rkxwp|bkxbq::skewr|katri::skrxp,bkona::rkxwp|bkxbq::skewr|katri::skrxp,bkspr::skach|bkxbq::skach|skach::wkna8,bkspr::skach,bkona::rkxwp|bkxbq::skewr|katri::skrxp,rimmx::stlmt,bkspr::skach|bkxbq::skach|skach::wkna8,bknwy::skewr|bkona::bkxbq|bkxbq::bxqsq|bkxbq::cntxt|bkxbq::katri|bkxbq::qxmsq|bkxbq::reskr|bkxbq::simpl|bkxbq::skach|bkxbq::skewr|bkxbq::skrxp|bkxbq::stlmt|bkxbq::wkpos|bkxcr::skewr|bxqsq::skewr|cntxt::skewr|reskr::skewr|simpl::skewr|skach::skewr|skewr::skrxp,0.0368530473793631,0.0400469657624162,0.0783918739634617,3,0.0,0.0,0.0,1,0.0,0.0,0.0,0.6666666666666666,0.7314348216727216,0.7376507851177521,0.6573596624868159,0.6294416243654822,0.7322551662174305,0.7379815922648657,0.6623305597874917,0.6516129032258065,0.0008203445447089,0.0003308071471136,0.0049708973006757,0.0221712788603242,0.7564943943122778,0.730160487897688,0.7311516074846675,0.7354748997803895,0.7327727645611157,0.7399627421007681,0.7444626743232158,0.7407263177632224,0.0,True,True,352.71987410006113
realx_benchmark_v1,agnam_realx_semisynthetic_v1,COMPLETE,realx_3_r04_moderate,3,kr-vs-kp,categorical,4,moderate,1.0,3196,36,0.5009386733416771,0.4999999999998434,1917,639,640,2556,26101261,26101271,26101281,3,20,20,bkona::rkxwp|bkxbq::skewr|katri::skrxp,bkona::rkxwp|bkxbq::skewr|katri::skrxp,bkblk::skewr|bkxbq::bkxcr|bkxbq::bxqsq|bkxbq::cntxt|bkxbq::dsopp|bkxbq::reskr|bkxbq::rimmx|bkxbq::skewr|bkxbq::wkpos|cntxt::skewr|katri::skewr|qxmsq::skewr|skewr::wkpos,bkxbq::bxqsq|bkxbq::cntxt|bkxbq::reskr|bkxbq::rimmx|bkxbq::skewr|bkxbq::wkpos|qxmsq::skewr,bkona::rkxwp|bkxbq::skewr|katri::skrxp,bknwy::bkspr|bkon8::bkxwp|dwipd::reskr|hdchk::katri|hdchk::skrxp|rimmx::simpl|skewr::stlmt,bkblk::skewr|bkxbq::bkxcr|bkxbq::bxqsq|bkxbq::cntxt|bkxbq::dsopp|bkxbq::reskr|bkxbq::rimmx|bkxbq::skewr|bkxbq::wkpos|cntxt::skewr|katri::skewr|qxmsq::skewr|skewr::wkpos,bkblk::skewr|bkona::bkxbq|bkona::skewr|bkxbq::bkxcr|bkxbq::simpl|bkxbq::skewr|bkxbq::stlmt|bkxbq::wkpos|bkxcr::skewr|bxqsq::skewr|cntxt::skewr|katri::skewr|qxmsq::skewr|reskr::skewr|rimmx::skewr|skewr::skrxp|skewr::stlmt|skewr::wkcti|skewr::wkpos|skewr::wtoeg,0.2156035141329258,0.3370625311817317,0.0004028098244055,13,0.0769230769230769,0.3333333333333333,0.125,7,0.1428571428571428,0.3333333333333333,0.2,0.5,0.7133858729089151,0.7231183125131079,0.6390736237658571,0.6384976525821596,0.7582007636793328,0.7524865245124721,0.6831072569068057,0.6506024096385542,0.0448148907704176,0.0293682119993642,0.0440336331409486,0.0121047570563945,0.7723805896541959,0.752979031981334,0.7128585240090235,0.7223254118510934,0.7583472494848582,0.7566451915511354,0.7608277424584224,0.7567720971296226,0.0,True,True,442.4660912000109
realx_benchmark_v1,agnam_realx_semisynthetic_v1,COMPLETE,realx_3_r04_strong,3,kr-vs-kp,categorical,4,strong,1.5,3196,36,0.4993742177722152,0.5000000000005427,1917,639,640,2556,26101261,26101271,26101281,3,20,20,bkona::rkxwp|bkxbq::skewr|katri::skrxp,bkona::rkxwp|bkxbq::skewr|katri::skrxp,bkona::bkxbq|bkspr::skewr|bkxbq::bxqsq|bkxbq::cntxt|bkxbq::dsopp|bkxbq::katri|bkxbq::qxmsq|bkxbq::skewr|bkxbq::thrsk|bkxbq::wkna8|bkxbq::wkpos|skewr::wkcti,bkona::bkxbq|bkspr::skewr|bkxbq::cntxt|bkxbq::katri|bkxbq::qxmsq|bkxbq::skewr|bkxbq::wkpos|skewr::wkcti,bkona::rkxwp|bkxbq::skewr|katri::skrxp,bknwy::bkspr|bkon8::bkxwp|dwipd::reskd|hdchk::katri|hdchk::skewr|hdchk::thrsk|rimmx::rxmsq|skewr::spcop,bkona::bkxbq|bkspr::skewr|bkxbq::bxqsq|bkxbq::cntxt|bkxbq::dsopp|bkxbq::katri|bkxbq::qxmsq|bkxbq::skewr|bkxbq::thrsk|bkxbq::wkna8|bkxbq::wkpos|skewr::wkcti,bkona::bkxbq|bkona::skewr|bkspr::skewr|bkxbq::bxqsq|bkxbq::cntxt|bkxbq::qxmsq|bkxbq::simpl|bkxbq::skach|bkxbq::skewr|bkxbq::skrxp|bkxbq::stlmt|bkxbq::wkcti|bkxcr::skewr|qxmsq::skewr|reskr::skewr|skach::skewr|skewr::skrxp|skewr::stlmt|skewr::wkcti|skewr::wkovl,0.204172314086925,0.3047435160673169,0.0747478084616023,12,0.0833333333333333,0.3333333333333333,0.1333333333333333,8,0.125,0.3333333333333333,0.1818181818181818,0.3636363636363636,0.7175578486554097,0.7033742735227774,0.6346544715447154,0.5531914893617021,0.7924777204502815,0.7811882995562567,0.7071998123827392,0.6949429037520392,0.0749198717948718,0.0778140260334793,0.0725453408380237,0.141751414390337,0.8056011569731082,0.7745756460041406,0.7177532833020638,0.7036394970987662,0.7939825672295185,0.7813345055121156,0.7922334271419637,0.776463596250454,0.0,True,True,443.4405276000034
realx_benchmark_v1,agnam_realx_semisynthetic_v1,COMPLETE,realx_3_r05_null,3,kr-vs-kp,categorical,5,null,0.0,3196,36,0.4968710888610763,0.4999999999998103,1917,639,640,2556,26101361,26101371,26101381,0,20,20,bkxwp::qxmsq|rimmx::wkcti|skrxp::wkpos,,,,,,,bkblk::blxwp|bkblk::rkxwp|bkblk::wkpos|bkona::reskr|bkona::rkxwp|blxwp::dwipd|blxwp::rkxwp|bxqsq::rkxwp|dwipd::reskd|dwipd::rkxwp|hdchk::rkxwp|katri::rkxwp|katri::wkpos|reskr::rkxwp|rkxwp::simpl|rkxwp::stlmt|rkxwp::wkna8|rkxwp::wknck|rkxwp::wkovl|wkpos::wtoeg,0.0076923076923076,,,0,,,,0,,,,,0.6843340275129792,0.6997185486837004,0.6095679464992814,0.6497175141242938,0.6843340275129792,0.6997185486837004,0.6095679464992814,0.6497175141242938,0.0,0.0,0.0,0.0,0.6843340275129792,0.6997185486837004,0.6843340275129792,0.6997185486837004,0.6843340275129792,0.6997185486837004,0.6903763235854867,0.7044421985579992,0.0,True,True,304.7809977000579
realx_benchmark_v1,agnam_realx_semisynthetic_v1,COMPLETE,realx_3_r05_weak,3,kr-vs-kp,categorical,5,weak,0.5,3196,36,0.4959324155193992,0.5000000000002607,1917,639,640,2556,26101361,26101371,26101381,3,20,20,bkxwp::qxmsq|rimmx::wkcti|skrxp::wkpos,bkxwp::qxmsq|rimmx::wkcti|skrxp::wkpos,,,bkxwp::qxmsq|rimmx::wkcti|skrxp::wkpos,,,bkspr::rimmx|bkxbq::wkna8|bkxcr::wkna8|bkxwp::cntxt|blxwp::dwipd|bxqsq::dwipd|cntxt::simpl|cntxt::wkna8|dwipd::simpl|dwipd::wkna8|hdchk::wkna8|katri::rimmx|qxmsq::wkna8|reskd::rimmx|reskr::rimmx|rimmx::rkxwp|rimmx::wkcti|rimmx::wkna8|rimmx::wkpos|skrxp::wkna8,0.0130904183535762,0.0341732557286847,0.0509270934594944,0,0.0,0.0,0.0,0,0.0,0.0,0.0,,0.6986546296567693,0.7105322042428082,0.6372580629402742,0.6463414634146342,0.6986546296567693,0.7105322042428082,0.6372580629402742,0.6463414634146342,0.0,0.0,0.0,0.0,0.718038905335561,0.7296357916769607,0.6986546296567693,0.7105322042428082,0.6986546296567693,0.7105322042428082,0.7104571523482917,0.7207930222047084,0.0,True,True,335.818308299873
realx_benchmark_v1,agnam_realx_semisynthetic_v1,COMPLETE,realx_3_r05_moderate,3,kr-vs-kp,categorical,5,moderate,1.0,3196,36,0.4968710888610763,0.4999999999996474,1917,639,640,2556,26101361,26101371,26101381,3,20,20,bkxwp::qxmsq|rimmx::wkcti|skrxp::wkpos,bkxwp::qxmsq|rimmx::wkcti|skrxp::wkpos,bkblk::rimmx|bkxwp::rimmx|cntxt::rimmx|dsopp::rimmx|dwipd::rimmx|rimmx::rxmsq|rimmx::skewr|rimmx::spcop|rimmx::wkcti|rimmx::wkovl|rimmx::wtoeg,bkblk::rimmx|bkxwp::rimmx|cntxt::rimmx|dsopp::rimmx|dwipd::rimmx|rimmx::skewr|rimmx::wkcti|rimmx::wtoeg,bkxwp::qxmsq|rimmx::wkcti|skrxp::wkpos,bkona::cntxt|bkxcr::rxmsq|bkxcr::simpl|bkxwp::reskd|bkxwp::rimmx|hdchk::mulch|mulch::spcop|reskd::skach,bkblk::rimmx|bkxwp::rimmx|cntxt::rimmx|dsopp::rimmx|dwipd::rimmx|rimmx::rxmsq|rimmx::skewr|rimmx::spcop|rimmx::wkcti|rimmx::wkovl|rimmx::wtoeg,bknwy::rimmx|bkon8::rimmx|bkona::rimmx|bkxwp::katri|cntxt::rimmx|hdchk::rimmx|katri::rimmx|qxmsq::rimmx|reskr::rimmx|rimmx::rxmsq|rimmx::skach|rimmx::skewr|rimmx::skrxp|rimmx::spcop|rimmx::wkcti|rimmx::wkovl|rimmx::wkpos|rimmx::wtoeg|skach::wkcti|stlmt::wkcti,0.1883442104799168,0.2537860147559746,0.1590436475400591,11,0.0909090909090909,0.3333333333333333,0.1428571428571428,8,0.125,0.3333333333333333,0.1818181818181818,0.3,0.7138669871325145,0.7238211659973031,0.6573848814374066,0.6428571428571429,0.7481900518802943,0.7633333321877787,0.6899737178923508,0.680577849117175,0.0343230647477798,0.0395121661904755,0.0325888364549442,0.0377207062600321,0.7690301022950435,0.7790123486803178,0.7189280026575215,0.723669381279165,0.7481216597786049,0.7624675178457393,0.7444871080888316,0.757277641568149,0.0,True,True,457.7055336001795
realx_benchmark_v1,agnam_realx_semisynthetic_v1,COMPLETE,realx_3_r05_strong,3,kr-vs-kp,categorical,5,strong,1.5,3196,36,0.4962453066332916,0.4999999999995471,1917,639,640,2556,26101361,26101371,26101381,3,20,20,bkxwp::qxmsq|rimmx::wkcti|skrxp::wkpos,bkxwp::qxmsq|rimmx::wkcti|skrxp::wkpos,bknwy::rimmx|bkxwp::rimmx|cntxt::rimmx|dsopp::rimmx|katri::rimmx|qxmsq::rimmx|reskr::rimmx|rimmx::simpl|rimmx::skewr|rimmx::spcop|rimmx::stlmt|rimmx::thrsk|rimmx::wkcti|rimmx::wkna8|rimmx::wkovl|rimmx::wtoeg,bkxwp::rimmx|cntxt::rimmx|dsopp::rimmx|katri::rimmx|qxmsq::rimmx|reskr::rimmx|rimmx::skewr|rimmx::thrsk|rimmx::wkcti|rimmx::wtoeg,bkxwp::qxmsq|rimmx::wkcti|skrxp::wkpos,bkona::cntxt|bkxcr::rkxwp|bkxcr::rxmsq|bkxwp::r2ar8|bkxwp::reskr|blxwp::reskr|hdchk::katri|mulch::skrxp|reskd::simpl|wkna8::wkovl,bknwy::rimmx|bkxwp::rimmx|cntxt::rimmx|dsopp::rimmx|katri::rimmx|qxmsq::rimmx|reskr::rimmx|rimmx::simpl|rimmx::skewr|rimmx::spcop|rimmx::stlmt|rimmx::thrsk|rimmx::wkcti|rimmx::wkna8|rimmx::wkovl|rimmx::wtoeg,bknwy::rimmx|bkspr::rimmx|bkxbq::rimmx|bkxcr::rimmx|cntxt::rimmx|katri::rimmx|katri::wkcti|r2ar8::wkcti|reskd::rimmx|reskr::rimmx|rimmx::rkxwp|rimmx::rxmsq|rimmx::skewr|rimmx::skrxp|rimmx::wkcti|rimmx::wkovl|rimmx::wkpos|rimmx::wtoeg|simpl::wkpos|skrxp::wkpos,0.3159272915112737,0.2260402839989992,0.1226633656501446,16,0.0625,0.3333333333333333,0.1052631578947368,10,0.1,0.3333333333333333,0.1538461538461538,0.4,0.7186608573326561,0.7145284753957377,0.6594798952756828,0.6294416243654822,0.779062951818999,0.7806789226125661,0.7012035481223868,0.7338935574229691,0.0604020944863429,0.0661504472168283,0.0417236528467039,0.1044519330574869,0.8008772615372592,0.800177778069325,0.718856238521355,0.7156284776453616,0.7766206869602595,0.7787885246402847,0.7957485053339064,0.7964003320273059,0.0,True,True,570.4126520999707
realx_benchmark_v1,agnam_realx_semisynthetic_v1,COMPLETE,realx_14952_r01_null,14952,PhishingWebsites,categorical,1,null,0.0,5000,30,0.5046,0.5000000000008424,3000,1000,1000,4000,26110961,26110971,26110981,0,20,20,Favicon::Page_Rank|Iframe::Prefix_Suffix|Statistical_report::age_of_domain,,Links_in_tags::having_Sub_Domain,Links_in_tags::having_Sub_Domain,,SFH::having_At_Symbol,Links_in_tags::having_Sub_Domain,Abnormal_URL::DNSRecord|DNSRecord::Favicon|DNSRecord::Google_Index|DNSRecord::Iframe|DNSRecord::Links_in_tags|DNSRecord::Page_Rank|DNSRecord::SFH|DNSRecord::Submitting_to_email|DNSRecord::URL_Length|DNSRecord::URL_of_Anchor|DNSRecord::age_of_domain|DNSRecord::having_At_Symbol|DNSRecord::having_IP_Address|Favicon::SFH|Favicon::having_At_Symbol|Google_Index::SFH|Iframe::SFH|Iframe::Shortining_Service|SFH::having_IP_Address|age_of_domain::having_At_Symbol,0.0326392905340273,,,1,,,,1,,,,0.0,0.7480352140856341,0.7404206831746354,0.6706282513005202,0.6758349705304518,0.7519287715086035,0.7466685645597877,0.6797519007603041,0.6361556064073226,0.0038935574229693,0.0062478813851523,0.0091236494597839,-0.0396793641231292,0.7480352140856341,0.7404206831746354,0.7475710284113646,0.7402567608273366,0.7519287715086035,0.7466685645597877,0.7516046418567427,0.7478145952264735,0.0,True,True,400.214054999873
realx_benchmark_v1,agnam_realx_semisynthetic_v1,COMPLETE,realx_14952_r01_weak,14952,PhishingWebsites,categorical,1,weak,0.5,5000,30,0.4966,0.5000000000002547,3000,1000,1000,4000,26110961,26110971,26110981,3,20,20,Favicon::Page_Rank|Iframe::Prefix_Suffix|Statistical_report::age_of_domain,Favicon::Page_Rank|Iframe::Prefix_Suffix|Statistical_report::age_of_domain,Favicon::Page_Rank|Favicon::Prefix_Suffix|Favicon::URL_of_Anchor|Favicon::age_of_domain|Google_Index::Page_Rank|Links_in_tags::Page_Rank|Page_Rank::Request_URL|Page_Rank::Statistical_report|Page_Rank::popUpWidnow,Favicon::Page_Rank|Favicon::Prefix_Suffix|Favicon::URL_of_Anchor|Favicon::age_of_domain|Links_in_tags::Page_Rank|Page_Rank::Statistical_report|Page_Rank::popUpWidnow,Favicon::Page_Rank|Iframe::Prefix_Suffix|Statistical_report::age_of_domain,Abnormal_URL::port|Links_in_tags::having_At_Symbol|Links_pointing_to_page::Statistical_report|Page_Rank::Shortining_Service|Page_Rank::having_Sub_Domain|Request_URL::on_mouseover|Submitting_to_email::URL_Length,Favicon::Page_Rank|Favicon::Prefix_Suffix|Favicon::URL_of_Anchor|Favicon::age_of_domain|Google_Index::Page_Rank|Links_in_tags::Page_Rank|Page_Rank::Request_URL|Page_Rank::Statistical_report|Page_Rank::popUpWidnow,Abnormal_URL::Favicon|DNSRecord::Page_Rank|Domain_registeration_length::Page_Rank|Favicon::Links_in_tags|Favicon::Links_pointing_to_page|Favicon::Page_Rank|Favicon::Prefix_Suffix|Favicon::RightClick|Favicon::SFH|Favicon::Shortining_Service|Favicon::Submitting_to_email|Favicon::URL_Length|Favicon::URL_of_Anchor|Favicon::age_of_domain|Google_Index::Page_Rank|Page_Rank::Request_URL|Page_Rank::SSLfinal_State|Page_Rank::double_slash_redirecting|Page_Rank::having_Sub_Domain|SFH::SSLfinal_State,0.1748008685390089,0.2445426761061435,0.1711896307827946,9,0.1111111111111111,0.3333333333333333,0.1666666666666666,7,0.1428571428571428,0.3333333333333333,0.2,0.25,0.733944917360009,0.7218137058777893,0.6659572933198673,0.648363252375924,0.7501362638067299,0.7385241754235825,0.6818480578399781,0.6837944664031621,0.0161913464467209,0.0167104695457932,0.0158907645201108,0.0354312140272381,0.7685599320284069,0.7539209881479846,0.7331994741820165,0.7178170684580096,0.7493066576892864,0.7377322508999509,0.7498436973981628,0.7358156142035415,0.0,True,True,622.4367267000489
realx_benchmark_v1,agnam_realx_semisynthetic_v1,COMPLETE,realx_14952_r01_moderate,14952,PhishingWebsites,categorical,1,moderate,1.0,5000,30,0.4918,0.5000000000007905,3000,1000,1000,4000,26110961,26110971,26110981,3,20,20,Favicon::Page_Rank|Iframe::Prefix_Suffix|Statistical_report::age_of_domain,Favicon::Page_Rank|Iframe::Prefix_Suffix|Statistical_report::age_of_domain,Domain_registeration_length::Page_Rank|Favicon::Page_Rank|Favicon::Statistical_report|Google_Index::Page_Rank|Page_Rank::Statistical_report|Page_Rank::popUpWidnow|Statistical_report::age_of_domain|Statistical_report::web_traffic,Domain_registeration_length::Page_Rank|Favicon::Page_Rank|Favicon::Statistical_report|Page_Rank::Statistical_report|Page_Rank::popUpWidnow|Statistical_report::age_of_domain|Statistical_report::web_traffic,Favicon::Page_Rank|Iframe::Prefix_Suffix|Statistical_report::age_of_domain,Abnormal_URL::port|Links_in_tags::having_At_Symbol|Links_pointing_to_page::Statistical_report|Page_Rank::Shortining_Service|Page_Rank::having_Sub_Domain|Request_URL::on_mouseover|Submitting_to_email::URL_Length,Domain_registeration_length::Page_Rank|Favicon::Page_Rank|Favicon::Statistical_report|Google_Index::Page_Rank|Page_Rank::Statistical_report|Page_Rank::popUpWidnow|Statistical_report::age_of_domain|Statistical_report::web_traffic,Abnormal_URL::Statistical_report|Domain_registeration_length::Page_Rank|Favicon::Page_Rank|Google_Index::Page_Rank|Iframe::Page_Rank|Links_in_tags::age_of_domain|Page_Rank::Request_URL|Page_Rank::Shortining_Service|Page_Rank::Statistical_report|Page_Rank::double_slash_redirecting|Page_Rank::on_mouseover|Page_Rank::popUpWidnow|Prefix_Suffix::popUpWidnow|RightClick::Statistical_report|SFH::age_of_domain|SSLfinal_State::age_of_domain|Statistical_report::age_of_domain|Statistical_report::having_At_Symbol|Statistical_report::web_traffic|age_of_domain::having_Sub_Domain,0.1583299021379516,0.2971036876106044,0.1141138451803017,8,0.25,0.6666666666666666,0.3636363636363636,7,0.2857142857142857,0.6666666666666666,0.4,0.1666666666666666,0.7241243107769424,0.7082321085015728,0.6644611528822055,0.6294642857142857,0.7891107769423559,0.7639404423789673,0.7028571428571428,0.6857749469214437,0.0649864661654134,0.0557083338773944,0.0383959899749373,0.056310661207158,0.7994125313283208,0.7818727868678341,0.7254355889724311,0.7064408382480721,0.7879398496240602,0.7621589733952656,0.7998135338345864,0.7771443508803285,0.0,True,True,523.1341842000838
realx_benchmark_v1,agnam_realx_semisynthetic_v1,COMPLETE,realx_14952_r01_strong,14952,PhishingWebsites,categorical,1,strong,1.5,5000,30,0.4934,0.5000000000002145,3000,1000,1000,4000,26110961,26110971,26110981,3,20,20,Favicon::Page_Rank|Iframe::Prefix_Suffix|Statistical_report::age_of_domain,Favicon::Page_Rank|Iframe::Prefix_Suffix|Statistical_report::age_of_domain,Favicon::Page_Rank|Favicon::Prefix_Suffix|Favicon::age_of_domain|Page_Rank::Statistical_report|Page_Rank::age_of_domain|Page_Rank::popUpWidnow|Prefix_Suffix::age_of_domain|Request_URL::age_of_domain|Statistical_report::age_of_domain|age_of_domain::popUpWidnow,Favicon::Page_Rank|Favicon::Prefix_Suffix|Favicon::age_of_domain|Page_Rank::Statistical_report|Page_Rank::popUpWidnow|Prefix_Suffix::age_of_domain|Request_URL::age_of_domain|Statistical_report::age_of_domain|age_of_domain::popUpWidnow,Favicon::Page_Rank|Iframe::Prefix_Suffix|Statistical_report::age_of_domain,Abnormal_URL::Iframe|Google_Index::Links_pointing_to_page|Redirect::Request_URL|Shortining_Service::web_traffic|Statistical_report::age_of_domain|Submitting_to_email::URL_Length|Submitting_to_email::port|URL_of_Anchor::having_At_Symbol|having_Sub_Domain::web_traffic,Favicon::Page_Rank|Favicon::Prefix_Suffix|Favicon::age_of_domain|Page_Rank::Statistical_report|Page_Rank::age_of_domain|Page_Rank::popUpWidnow|Prefix_Suffix::age_of_domain|Request_URL::age_of_domain|Statistical_report::age_of_domain|age_of_domain::popUpWidnow,Abnormal_URL::Statistical_report|Favicon::Prefix_Suffix|Favicon::age_of_domain|Page_Rank::Statistical_report|Page_Rank::having_At_Symbol|Page_Rank::popUpWidnow|Prefix_Suffix::age_of_domain|Request_URL::age_of_domain|RightClick::Statistical_report|SFH::age_of_domain|Statistical_report::Submitting_to_email|Statistical_report::age_of_domain|Statistical_report::having_At_Symbol|Statistical_report::on_mouseover|Statistical_report::popUpWidnow|Statistical_report::port|Statistical_report::web_traffic|age_of_domain::having_Sub_Domain|age_of_domain::on_mouseover|age_of_domain::popUpWidnow,0.2277183600713012,0.3134235068097382,0.1658119313940763,10,0.2,0.6666666666666666,0.3076923076923076,9,0.2222222222222222,0.6666666666666666,0.3333333333333333,0.125,0.7162642728847264,0.7041983157003125,0.6594874591057798,0.631004366812227,0.8210617262172045,0.7977333168059066,0.7327121688370004,0.7164179104477612,0.1047974533324781,0.0935350011055941,0.0732247097312206,0.0854135436355341,0.8267388062095067,0.8104533779008398,0.7636935499390596,0.7267567236111999,0.818828581050741,0.7937927313292077,0.8143703091923792,0.7952901464794018,0.0,True,True,563.0626413999125
realx_benchmark_v1,agnam_realx_semisynthetic_v1,COMPLETE,realx_14952_r02_null,14952,PhishingWebsites,categorical,2,null,0.0,5000,30,0.5112,0.5000000000003496,3000,1000,1000,4000,26111061,26111071,26111081,0,20,20,DNSRecord::having_IP_Address|Google_Index::Links_in_tags|SSLfinal_State::Shortining_Service,,,,,,,Favicon::Statistical_report|Google_Index::Redirect|Google_Index::URL_Length|Iframe::Links_pointing_to_page|Iframe::SFH|Iframe::Statistical_report|Iframe::URL_Length|Links_pointing_to_page::URL_Length|Redirect::URL_Length|Redirect::double_slash_redirecting|RightClick::URL_Length|SFH::Statistical_report|SFH::URL_Length|Statistical_report::URL_Length|Statistical_report::popUpWidnow|Statistical_report::port|Submitting_to_email::URL_Length|URL_Length::having_Sub_Domain|URL_Length::port|popUpWidnow::port,0.0269115269115269,,,0,,,,0,,,,,0.7147302904564315,0.7425771810403068,0.6415634662522629,0.6641580432737535,0.7147302904564315,0.7425771810403068,0.6415634662522629,0.6641580432737535,0.0,0.0,0.0,0.0,0.7147302904564315,0.7425771810403068,0.7147302904564315,0.7425771810403068,0.7147302904564315,0.7425771810403068,0.7083820631538473,0.7315016383869326,0.0,True,True,384.22238059993833
realx_benchmark_v1,agnam_realx_semisynthetic_v1,COMPLETE,realx_14952_r02_weak,14952,PhishingWebsites,categorical,2,weak,0.5,5000,30,0.5172,0.5000000000000501,3000,1000,1000,4000,26111061,26111071,26111081,3,20,20,DNSRecord::having_IP_Address|Google_Index::Links_in_tags|SSLfinal_State::Shortining_Service,DNSRecord::having_IP_Address|Google_Index::Links_in_tags|SSLfinal_State::Shortining_Service,Request_URL::age_of_domain,Request_URL::age_of_domain,DNSRecord::having_IP_Address|Google_Index::Links_in_tags|SSLfinal_State::Shortining_Service,RightClick::SSLfinal_State,Request_URL::age_of_domain,Abnormal_URL::SFH|DNSRecord::SFH|Favicon::SFH|HTTPS_token::Links_pointing_to_page|HTTPS_token::Prefix_Suffix|HTTPS_token::RightClick|HTTPS_token::SFH|HTTPS_token::URL_Length|HTTPS_token::having_IP_Address|Iframe::SFH|Links_pointing_to_page::SFH|Links_pointing_to_page::URL_of_Anchor|RightClick::URL_of_Anchor|SFH::double_slash_redirecting|SFH::having_IP_Address|Shortining_Service::URL_of_Anchor|Shortining_Service::having_IP_Address|Statistical_report::having_IP_Address|URL_Length::having_IP_Address|URL_of_Anchor::age_of_domain,0.0321746848062637,0.1536530445318086,0.239049663615727,1,0.0,0.0,0.0,1,0.0,0.0,0.0,0.0,0.7093019524795046,0.7377278991641221,0.6490951532945084,0.6282722513089005,0.710100110699331,0.740546316564795,0.6397498836854856,0.5734104046242775,0.0007981582198264,0.0028184174006729,-0.0093452696090228,-0.054861846684623,0.7307679966629768,0.7635266825149283,0.7090733342959362,0.7393239779570534,0.710100110699331,0.740546316564795,0.7169185477531245,0.743636964740195,0.0,True,True,428.2168716001325
realx_benchmark_v1,agnam_realx_semisynthetic_v1,COMPLETE,realx_14952_r02_moderate,14952,PhishingWebsites,categorical,2,moderate,1.0,5000,30,0.5166,0.4999999999990694,3000,1000,1000,4000,26111061,26111071,26111081,3,20,20,DNSRecord::having_IP_Address|Google_Index::Links_in_tags|SSLfinal_State::Shortining_Service,DNSRecord::having_IP_Address|Google_Index::Links_in_tags|SSLfinal_State::Shortining_Service,DNSRecord::having_IP_Address|Google_Index::Links_in_tags|Google_Index::SFH|Google_Index::SSLfinal_State|Google_Index::having_IP_Address|Links_in_tags::SSLfinal_State|Links_in_tags::having_IP_Address|SSLfinal_State::having_IP_Address,DNSRecord::having_IP_Address|Google_Index::Links_in_tags|Google_Index::SFH|Links_in_tags::SSLfinal_State|SSLfinal_State::having_IP_Address,DNSRecord::having_IP_Address|Google_Index::Links_in_tags|SSLfinal_State::Shortining_Service,Favicon::SSLfinal_State|Redirect::SSLfinal_State|Request_URL::age_of_domain|RightClick::popUpWidnow|SFH::on_mouseover,DNSRecord::having_IP_Address|Google_Index::Links_in_tags|Google_Index::SFH|Google_Index::SSLfinal_State|Google_Index::having_IP_Address|Links_in_tags::SSLfinal_State|Links_in_tags::having_IP_Address|SSLfinal_State::having_IP_Address,Abnormal_URL::SFH|DNSRecord::Redirect|DNSRecord::having_IP_Address|Domain_registeration_length::Google_Index|Favicon::double_slash_redirecting|Google_Index::Links_in_tags|Google_Index::Redirect|Google_Index::SFH|Google_Index::SSLfinal_State|Links_in_tags::SSLfinal_State|Links_in_tags::Submitting_to_email|Redirect::SFH|Redirect::age_of_domain|Redirect::double_slash_redirecting|Redirect::having_IP_Address|SFH::having_IP_Address|SSLfinal_State::URL_of_Anchor|URL_of_Anchor::web_traffic|age_of_domain::having_Sub_Domain|double_slash_redirecting::having_IP_Address,0.1292956580882277,0.4173411284732039,0.1549887928234344,8,0.25,0.6666666666666666,0.3636363636363636,5,0.4,0.6666666666666666,0.5,0.5,0.7176434505099749,0.7360648761010284,0.6575149143626917,0.656,0.7684244499326448,0.7929508442652681,0.6859404066970299,0.7033175355450237,0.0507809994226698,0.0568859681642396,0.0284254923343382,0.0473175355450237,0.7858445859259735,0.805094451854389,0.7213319488100584,0.7421799053706946,0.7671054108666367,0.792099203764177,0.7686168933222144,0.7880888849392929,0.0,True,True,613.3391194001306
realx_benchmark_v1,agnam_realx_semisynthetic_v1,COMPLETE,realx_14952_r02_strong,14952,PhishingWebsites,categorical,2,strong,1.5,5000,30,0.5126,0.5000000000006979,3000,1000,1000,4000,26111061,26111071,26111081,3,20,20,DNSRecord::having_IP_Address|Google_Index::Links_in_tags|SSLfinal_State::Shortining_Service,DNSRecord::having_IP_Address|Google_Index::Links_in_tags|SSLfinal_State::Shortining_Service,DNSRecord::having_IP_Address|Google_Index::Links_in_tags|Google_Index::SSLfinal_State|Google_Index::having_IP_Address|Links_in_tags::having_IP_Address|Page_Rank::having_IP_Address|SSLfinal_State::having_IP_Address,DNSRecord::having_IP_Address|Google_Index::Links_in_tags|Google_Index::SSLfinal_State|SSLfinal_State::having_IP_Address,DNSRecord::having_IP_Address|Google_Index::Links_in_tags|SSLfinal_State::Shortining_Service,DNSRecord::Request_URL|Iframe::RightClick|Redirect::SSLfinal_State|SSLfinal_State::port,DNSRecord::having_IP_Address|Google_Index::Links_in_tags|Google_Index::SSLfinal_State|Google_Index::having_IP_Address|Links_in_tags::having_IP_Address|Page_Rank::having_IP_Address|SSLfinal_State::having_IP_Address,Abnormal_URL::Redirect|DNSRecord::Redirect|DNSRecord::SSLfinal_State|DNSRecord::Statistical_report|DNSRecord::having_IP_Address|DNSRecord::popUpWidnow|Google_Index::Links_in_tags|Google_Index::Redirect|Links_in_tags::SSLfinal_State|Links_in_tags::having_IP_Address|Redirect::SSLfinal_State|Redirect::double_slash_redirecting|Redirect::having_IP_Address|Request_URL::having_IP_Address|SFH::having_IP_Address|SSLfinal_State::having_IP_Address|SSLfinal_State::port|URL_Length::having_IP_Address|URL_of_Anchor::having_IP_Address|having_IP_Address::popUpWidnow,0.1637790439722927,0.347178639565297,0.139389139821364,7,0.2857142857142857,0.6666666666666666,0.4,4,0.5,0.6666666666666666,0.5714285714285715,0.6,0.7332983546676493,0.726165292819337,0.6813430205546388,0.6857142857142857,0.7992598407536167,0.8072595317342401,0.7368669796055689,0.7523629489603024,0.0659614860859674,0.0810942389149032,0.0555239590509301,0.0666486632460167,0.8267354491420881,0.8369284300964361,0.7366346785433922,0.7352738510001676,0.797337349204569,0.8056246367968092,0.808688059725404,0.8227608694988566,0.0,True,True,645.0568750000093
realx_benchmark_v1,agnam_realx_semisynthetic_v1,COMPLETE,realx_14952_r03_null,14952,PhishingWebsites,categorical,3,null,0.0,5000,30,0.5056,0.4999999999993268,3000,1000,1000,4000,26111161,26111171,26111181,0,20,20,Abnormal_URL::Links_pointing_to_page|Links_in_tags::Prefix_Suffix|SFH::Shortining_Service,,DNSRecord::RightClick,DNSRecord::RightClick,,having_At_Symbol::web_traffic,DNSRecord::RightClick,Abnormal_URL::DNSRecord|Abnormal_URL::SFH|Abnormal_URL::age_of_domain|DNSRecord::Domain_registeration_length|DNSRecord::Google_Index|DNSRecord::Iframe|DNSRecord::Prefix_Suffix|DNSRecord::Redirect|DNSRecord::Request_URL|DNSRecord::Statistical_report|DNSRecord::URL_of_Anchor|DNSRecord::double_slash_redirecting|DNSRecord::having_Sub_Domain|DNSRecord::on_mouseover|DNSRecord::port|Favicon::Google_Index|Favicon::Submitting_to_email|Google_Index::SFH|Page_Rank::Request_URL|Request_URL::port,0.0409163935479724,,,1,,,,1,,,,0.0,0.6987760416666666,0.6674057413424505,0.6443910256410257,0.6807760141093474,0.697069310897436,0.6600239377464135,0.6588141025641026,0.7068676716917923,-0.0017067307692306,-0.0073818035960369,0.0144230769230768,0.0260916575824449,0.6987760416666666,0.6674057413424505,0.6976582532051282,0.6601830476808637,0.697069310897436,0.6600239377464135,0.6970452724358974,0.6677409918316999,0.0,True,True,432.9613703000359
realx_benchmark_v1,agnam_realx_semisynthetic_v1,COMPLETE,realx_14952_r03_weak,14952,PhishingWebsites,categorical,3,weak,0.5,5000,30,0.5062,0.5000000000007369,3000,1000,1000,4000,26111161,26111171,26111181,3,20,20,Abnormal_URL::Links_pointing_to_page|Links_in_tags::Prefix_Suffix|SFH::Shortining_Service,Abnormal_URL::Links_pointing_to_page|Links_in_tags::Prefix_Suffix|SFH::Shortining_Service,Abnormal_URL::DNSRecord|DNSRecord::having_IP_Address,Abnormal_URL::DNSRecord,Abnormal_URL::Links_pointing_to_page|Links_in_tags::Prefix_Suffix|SFH::Shortining_Service,having_At_Symbol::web_traffic,Abnormal_URL::DNSRecord|DNSRecord::having_IP_Address,Abnormal_URL::DNSRecord|Abnormal_URL::Domain_registeration_length|Abnormal_URL::Favicon|Abnormal_URL::Links_in_tags|Abnormal_URL::Links_pointing_to_page|Abnormal_URL::Redirect|Abnormal_URL::Request_URL|Abnormal_URL::RightClick|Abnormal_URL::SFH|Abnormal_URL::SSLfinal_State|Abnormal_URL::Statistical_report|Abnormal_URL::URL_Length|Abnormal_URL::age_of_domain|Abnormal_URL::double_slash_redirecting|Abnormal_URL::having_At_Symbol|Abnormal_URL::having_Sub_Domain|Abnormal_URL::popUpWidnow|Links_pointing_to_page::Statistical_report|Request_URL::Statistical_report|having_Sub_Domain::on_mouseover,0.0425429478061056,0.1396562926298994,0.1493996837713994,2,0.0,0.0,0.0,1,0.0,0.0,0.0,0.5,0.7113120958965495,0.6794110665792641,0.6427405415786441,0.6544401544401545,0.7105358971896806,0.683173385728765,0.6539354074643109,0.7024722932651322,-0.0007761987068689,0.0037623191495008,0.0111948658856667,0.0480321388249777,0.7269801069073683,0.7005374792031828,0.7117402054926061,0.6792386289854191,0.713480651046668,0.6834863801532406,0.7141648261955061,0.6897198571436504,0.0,True,True,508.73396040010266
realx_benchmark_v1,agnam_realx_semisynthetic_v1,COMPLETE,realx_14952_r03_moderate,14952,PhishingWebsites,categorical,3,moderate,1.0,5000,30,0.5072,0.4999999999998836,3000,1000,1000,4000,26111161,26111171,26111181,3,20,20,Abnormal_URL::Links_pointing_to_page|Links_in_tags::Prefix_Suffix|SFH::Shortining_Service,Abnormal_URL::Links_pointing_to_page|Links_in_tags::Prefix_Suffix|SFH::Shortining_Service,Abnormal_URL::Links_pointing_to_page|Abnormal_URL::Request_URL|Abnormal_URL::age_of_domain|Links_in_tags::Links_pointing_to_page|Links_in_tags::Prefix_Suffix|Prefix_Suffix::double_slash_redirecting,Abnormal_URL::Links_pointing_to_page|Links_in_tags::Links_pointing_to_page|Links_in_tags::Prefix_Suffix|Prefix_Suffix::double_slash_redirecting,Abnormal_URL::Links_pointing_to_page|Links_in_tags::Prefix_Suffix|SFH::Shortining_Service,DNSRecord::having_At_Symbol|Links_in_tags::web_traffic|Statistical_report::web_traffic|URL_of_Anchor::having_Sub_Domain,Abnormal_URL::Links_pointing_to_page|Abnormal_URL::Request_URL|Abnormal_URL::age_of_domain|Links_in_tags::Links_pointing_to_page|Links_in_tags::Prefix_Suffix|Prefix_Suffix::double_slash_redirecting,Abnormal_URL::DNSRecord|Abnormal_URL::Domain_registeration_length|Abnormal_URL::Links_in_tags|Abnormal_URL::Links_pointing_to_page|Abnormal_URL::Redirect|Abnormal_URL::Request_URL|Abnormal_URL::RightClick|Abnormal_URL::SFH|Abnormal_URL::SSLfinal_State|Abnormal_URL::age_of_domain|HTTPS_token::Links_pointing_to_page|Links_in_tags::Links_pointing_to_page|Links_in_tags::Prefix_Suffix|Links_in_tags::SSLfinal_State|Links_in_tags::Shortining_Service|Links_in_tags::age_of_domain|Links_pointing_to_page::Request_URL|Links_pointing_to_page::SSLfinal_State|Links_pointing_to_page::popUpWidnow|SFH::double_slash_redirecting,0.0990522516838306,0.3934619814923742,0.2665408800559007,6,0.3333333333333333,0.6666666666666666,0.4444444444444444,4,0.5,0.6666666666666666,0.5714285714285715,0.5,0.712767106842737,0.6785029723121789,0.6466586634653861,0.6821428571428572,0.7415386154461785,0.7279422144149144,0.6706482593037215,0.6903648269410664,0.0287715086034414,0.0494392421027354,0.0239895958383353,0.0082219697982092,0.7626110444177671,0.751995894214097,0.7165366146458584,0.6804050292180688,0.7450760304121649,0.7309144599781632,0.7571608643457384,0.7403993855866013,0.0,True,True,548.0276258999947
realx_benchmark_v1,agnam_realx_semisynthetic_v1,COMPLETE,realx_14952_r03_strong,14952,PhishingWebsites,categorical,3,strong,1.5,5000,30,0.51,0.4999999999998802,3000,1000,1000,4000,26111161,26111171,26111181,3,20,20,Abnormal_URL::Links_pointing_to_page|Links_in_tags::Prefix_Suffix|SFH::Shortining_Service,Abnormal_URL::Links_pointing_to_page|Links_in_tags::Prefix_Suffix|SFH::Shortining_Service,Abnormal_URL::Links_pointing_to_page|Abnormal_URL::Prefix_Suffix|Abnormal_URL::Request_URL|Abnormal_URL::RightClick|Abnormal_URL::SFH|Abnormal_URL::SSLfinal_State|Abnormal_URL::age_of_domain|HTTPS_token::Links_pointing_to_page|Links_in_tags::Links_pointing_to_page|Links_in_tags::Prefix_Suffix|Links_pointing_to_page::Prefix_Suffix,Abnormal_URL::Links_pointing_to_page|Abnormal_URL::SFH|Abnormal_URL::age_of_domain|HTTPS_token::Links_pointing_to_page|Links_in_tags::Links_pointing_to_page|Links_in_tags::Prefix_Suffix|Links_pointing_to_page::Prefix_Suffix,Abnormal_URL::Links_pointing_to_page|Links_in_tags::Prefix_Suffix|SFH::Shortining_Service,Domain_registeration_length::Iframe|HTTPS_token::URL_Length|Links_in_tags::age_of_domain|Page_Rank::web_traffic|Request_URL::having_Sub_Domain|URL_Length::double_slash_redirecting|age_of_domain::having_At_Symbol,Abnormal_URL::Links_pointing_to_page|Abnormal_URL::Prefix_Suffix|Abnormal_URL::Request_URL|Abnormal_URL::RightClick|Abnormal_URL::SFH|Abnormal_URL::SSLfinal_State|Abnormal_URL::age_of_domain|HTTPS_token::Links_pointing_to_page|Links_in_tags::Links_pointing_to_page|Links_in_tags::Prefix_Suffix|Links_pointing_to_page::Prefix_Suffix,Abnormal_URL::DNSRecord|Abnormal_URL::Domain_registeration_length|Abnormal_URL::Links_in_tags|Abnormal_URL::Links_pointing_to_page|Abnormal_URL::Redirect|Abnormal_URL::RightClick|Abnormal_URL::SFH|Abnormal_URL::SSLfinal_State|Abnormal_URL::age_of_domain|Abnormal_URL::having_Sub_Domain|HTTPS_token::Links_pointing_to_page|Links_in_tags::Prefix_Suffix|Links_in_tags::SSLfinal_State|Links_in_tags::age_of_domain|Links_in_tags::double_slash_redirecting|Links_in_tags::having_At_Symbol|Links_in_tags::on_mouseover|Links_in_tags::web_traffic|Links_pointing_to_page::Request_URL|Prefix_Suffix::having_At_Symbol,0.1911453242098403,0.570578301959195,0.110019898907181,11,0.1818181818181818,0.6666666666666666,0.2857142857142857,7,0.2857142857142857,0.6666666666666666,0.4,0.4444444444444444,0.7063992095494112,0.6741703925743034,0.6506656426011265,0.6753246753246753,0.7707073252688172,0.7656226787413569,0.6877400153609832,0.7120515179392825,0.064308115719406,0.0914522861670534,0.0370743727598567,0.0367268426146071,0.7891805075524834,0.7862752679851843,0.7140637000768049,0.6791566494316443,0.7703553027393752,0.7645947976972021,0.7719434043778801,0.763987403532613,0.0,True,True,604.0123395998962
realx_benchmark_v1,agnam_realx_semisynthetic_v1,COMPLETE,realx_14952_r04_null,14952,PhishingWebsites,categorical,4,null,0.0,5000,30,0.5006,0.5000000000003658,3000,1000,1000,4000,26111261,26111271,26111281,0,20,20,Links_in_tags::age_of_domain|Request_URL::having_IP_Address|having_Sub_Domain::on_mouseover,,Abnormal_URL::web_traffic,,,,Abnormal_URL::web_traffic,Abnormal_URL::Google_Index|Abnormal_URL::Iframe|Abnormal_URL::Redirect|Abnormal_URL::RightClick|Abnormal_URL::Shortining_Service|Abnormal_URL::Submitting_to_email|Abnormal_URL::having_IP_Address|Abnormal_URL::web_traffic|HTTPS_token::web_traffic|Iframe::Redirect|Iframe::having_IP_Address|Iframe::popUpWidnow|Iframe::port|Redirect::RightClick|Redirect::Shortining_Service|Redirect::Submitting_to_email|Redirect::web_traffic|RightClick::Shortining_Service|Shortining_Service::URL_of_Anchor|Shortining_Service::having_IP_Address,0.0353492879808669,,,1,,,,0,,,,1.0,0.7089389520345988,0.7007665125033329,0.660997555520882,0.67984934086629,0.7089389520345988,0.7007665125033329,0.660997555520882,0.67984934086629,0.0,0.0,0.0,0.0,0.7089389520345988,0.7007665125033329,0.7089389520345988,0.7007665125033329,0.707562682285728,0.6996421438214182,0.704778136514757,0.6976731134590561,0.0,True,True,431.7848797000479
realx_benchmark_v1,agnam_realx_semisynthetic_v1,COMPLETE,realx_14952_r04_weak,14952,PhishingWebsites,categorical,4,weak,0.5,5000,30,0.5012,0.4999999999997393,3000,1000,1000,4000,26111261,26111271,26111281,3,20,20,Links_in_tags::age_of_domain|Request_URL::having_IP_Address|having_Sub_Domain::on_mouseover,Links_in_tags::age_of_domain|Request_URL::having_IP_Address|having_Sub_Domain::on_mouseover,Links_in_tags::age_of_domain|URL_of_Anchor::age_of_domain,Links_in_tags::age_of_domain,Links_in_tags::age_of_domain|Request_URL::having_IP_Address|having_Sub_Domain::on_mouseover,SFH::URL_of_Anchor,Links_in_tags::age_of_domain|URL_of_Anchor::age_of_domain,Abnormal_URL::Domain_registeration_length|Abnormal_URL::Google_Index|Abnormal_URL::Iframe|Abnormal_URL::RightClick|Abnormal_URL::Submitting_to_email|Abnormal_URL::having_IP_Address|Abnormal_URL::web_traffic|Domain_registeration_length::Iframe|Domain_registeration_length::RightClick|Google_Index::Iframe|HTTPS_token::web_traffic|Iframe::Redirect|Iframe::RightClick|Iframe::URL_of_Anchor|Iframe::double_slash_redirecting|Iframe::having_IP_Address|Iframe::port|Redirect::RightClick|Request_URL::Submitting_to_email|Submitting_to_email::URL_of_Anchor,0.0544525294525294,0.2035338940135623,0.2519503744196478,2,0.5,0.3333333333333333,0.4,1,1.0,0.3333333333333333,0.5,1.0,0.7031592637054822,0.6950237239106176,0.660484193677471,0.6786050895381716,0.7212024809923969,0.7117425372426147,0.6677270908363345,0.6744868035190615,0.0180432172869147,0.016718813331997,0.0072428971588635,-0.00411828601911,0.7329911964785915,0.7230003035945743,0.7039315726290516,0.6962493390229827,0.7202100840336134,0.7108300890266896,0.6973569427771108,0.6921947947686281,0.0,True,True,484.0165144999046
realx_benchmark_v1,agnam_realx_semisynthetic_v1,COMPLETE,realx_14952_r04_moderate,14952,PhishingWebsites,categorical,4,moderate,1.0,5000,30,0.5008,0.5000000000007824,3000,1000,1000,4000,26111261,26111271,26111281,3,20,20,Links_in_tags::age_of_domain|Request_URL::having_IP_Address|having_Sub_Domain::on_mouseover,Links_in_tags::age_of_domain|Request_URL::having_IP_Address|having_Sub_Domain::on_mouseover,Abnormal_URL::Request_URL|Links_in_tags::age_of_domain|Links_in_tags::having_IP_Address|Request_URL::age_of_domain|Request_URL::having_IP_Address|Request_URL::having_Sub_Domain|Request_URL::on_mouseover|age_of_domain::having_At_Symbol|age_of_domain::having_IP_Address|age_of_domain::web_traffic,Abnormal_URL::Request_URL|Links_in_tags::age_of_domain|Links_in_tags::having_IP_Address|Request_URL::having_IP_Address|Request_URL::having_Sub_Domain|Request_URL::on_mouseover|age_of_domain::having_IP_Address|age_of_domain::web_traffic,Links_in_tags::age_of_domain|Request_URL::having_IP_Address|having_Sub_Domain::on_mouseover,Iframe::Links_pointing_to_page|Links_in_tags::Statistical_report|Page_Rank::Request_URL|Prefix_Suffix::RightClick|Statistical_report::having_At_Symbol|Submitting_to_email::on_mouseover|URL_of_Anchor::having_IP_Address|URL_of_Anchor::popUpWidnow,Abnormal_URL::Request_URL|Links_in_tags::age_of_domain|Links_in_tags::having_IP_Address|Request_URL::age_of_domain|Request_URL::having_IP_Address|Request_URL::having_Sub_Domain|Request_URL::on_mouseover|age_of_domain::having_At_Symbol|age_of_domain::having_IP_Address|age_of_domain::web_traffic,Favicon::having_Sub_Domain|Google_Index::age_of_domain|Links_in_tags::Request_URL|Links_in_tags::age_of_domain|Links_in_tags::having_Sub_Domain|Links_pointing_to_page::age_of_domain|Request_URL::SFH|Request_URL::age_of_domain|Request_URL::having_At_Symbol|Request_URL::having_IP_Address|Request_URL::having_Sub_Domain|Request_URL::on_mouseover|Statistical_report::age_of_domain|Submitting_to_email::age_of_domain|age_of_domain::having_At_Symbol|age_of_domain::popUpWidnow|having_IP_Address::on_mouseover|having_IP_Address::popUpWidnow|having_Sub_Domain::on_mouseover|having_Sub_Domain::port,0.1574929971988795,0.5363538166814028,0.13649925863609,10,0.2,0.6666666666666666,0.3076923076923076,8,0.25,0.6666666666666666,0.3636363636363636,0.25,0.6955634502315,0.6824162421019335,0.6404299972764702,0.6690909090909091,0.7662750925199058,0.7537637552050767,0.6817034877200852,0.6793969849246231,0.0707116422884057,0.0713475131031431,0.0412734904436149,0.010306075833714,0.7866935548470817,0.7686922163425906,0.698262948781621,0.6839860177735527,0.7671722552427946,0.7549095702145396,0.784851167112578,0.7678103657304887,0.0,True,True,600.1622127001174
realx_benchmark_v1,agnam_realx_semisynthetic_v1,COMPLETE,realx_14952_r04_strong,14952,PhishingWebsites,categorical,4,strong,1.5,5000,30,0.5004,0.5000000000003898,3000,1000,1000,4000,26111261,26111271,26111281,3,20,20,Links_in_tags::age_of_domain|Request_URL::having_IP_Address|having_Sub_Domain::on_mouseover,Links_in_tags::age_of_domain|Request_URL::having_IP_Address|having_Sub_Domain::on_mouseover,Links_in_tags::age_of_domain|Links_in_tags::having_IP_Address|Request_URL::age_of_domain|Request_URL::having_IP_Address|Request_URL::having_Sub_Domain|Request_URL::on_mouseover|age_of_domain::having_IP_Address|age_of_domain::having_Sub_Domain|age_of_domain::on_mouseover|having_IP_Address::on_mouseover|having_Sub_Domain::on_mouseover,Links_in_tags::age_of_domain|Links_in_tags::having_IP_Address|Request_URL::having_IP_Address|Request_URL::having_Sub_Domain|Request_URL::on_mouseover|age_of_domain::having_IP_Address|age_of_domain::having_Sub_Domain|age_of_domain::on_mouseover|having_Sub_Domain::on_mouseover,Links_in_tags::age_of_domain|Request_URL::having_IP_Address|having_Sub_Domain::on_mouseover,Google_Index::Iframe|Links_in_tags::Links_pointing_to_page|Prefix_Suffix::RightClick|Redirect::Submitting_to_email|Request_URL::web_traffic|RightClick::URL_of_Anchor|SSLfinal_State::port|Statistical_report::having_At_Symbol|URL_of_Anchor::having_IP_Address,Links_in_tags::age_of_domain|Links_in_tags::having_IP_Address|Request_URL::age_of_domain|Request_URL::having_IP_Address|Request_URL::having_Sub_Domain|Request_URL::on_mouseover|age_of_domain::having_IP_Address|age_of_domain::having_Sub_Domain|age_of_domain::on_mouseover|having_IP_Address::on_mouseover|having_Sub_Domain::on_mouseover,Domain_registeration_length::Request_URL|HTTPS_token::age_of_domain|Links_in_tags::Request_URL|Links_in_tags::age_of_domain|Links_pointing_to_page::age_of_domain|Page_Rank::Request_URL|Page_Rank::age_of_domain|Prefix_Suffix::age_of_domain|Request_URL::SFH|Request_URL::age_of_domain|Request_URL::having_At_Symbol|Request_URL::having_IP_Address|Request_URL::having_Sub_Domain|Request_URL::on_mouseover|age_of_domain::having_IP_Address|age_of_domain::having_Sub_Domain|age_of_domain::on_mouseover|having_IP_Address::on_mouseover|having_IP_Address::popUpWidnow|having_Sub_Domain::on_mouseover,0.2391035593122879,0.7397408963585435,0.205255753990165,11,0.2727272727272727,1.0,0.4285714285714285,9,0.3333333333333333,1.0,0.5,0.25,0.6563687622892063,0.6418558620040491,0.5936002018333193,0.5115712545676004,0.8368534025333285,0.815574568520983,0.7540276559703016,0.7601547388781431,0.1804846402441222,0.1737187065169338,0.1604274541369823,0.2485834843105426,0.837514166376331,0.8180457833083353,0.6745257517690451,0.6589360440006626,0.8375021524882764,0.8177639119764447,0.834358518447325,0.8144729465154683,0.0,True,True,535.0083048001397
realx_benchmark_v1,agnam_realx_semisynthetic_v1,COMPLETE,realx_14952_r05_null,14952,PhishingWebsites,categorical,5,null,0.0,5000,30,0.4964,0.4999999999990152,3000,1000,1000,4000,26111361,26111371,26111381,0,20,20,Abnormal_URL::Shortining_Service|Favicon::URL_Length|Submitting_to_email::double_slash_redirecting,,,,,,,Domain_registeration_length::web_traffic|Favicon::Page_Rank|Favicon::web_traffic|Iframe::web_traffic|Links_in_tags::Redirect|Links_in_tags::web_traffic|Page_Rank::SSLfinal_State|Page_Rank::Submitting_to_email|Page_Rank::URL_of_Anchor|Page_Rank::port|Prefix_Suffix::port|Request_URL::URL_of_Anchor|RightClick::web_traffic|Statistical_report::web_traffic|Submitting_to_email::double_slash_redirecting|URL_Length::web_traffic|URL_of_Anchor::web_traffic|age_of_domain::web_traffic|having_Sub_Domain::web_traffic|port::web_traffic,0.0182186234817813,,,0,,,,0,,,,,0.6770026925277354,0.6962145360420026,0.6216458425851467,0.6086956521739131,0.6770026925277354,0.6962145360420026,0.6216458425851467,0.6086956521739131,0.0,0.0,0.0,0.0,0.6770026925277354,0.6962145360420026,0.6770026925277354,0.6962145360420026,0.6770026925277354,0.6962145360420026,0.6821437001652324,0.6963277843029622,0.0,True,True,365.4364291999955
realx_benchmark_v1,agnam_realx_semisynthetic_v1,COMPLETE,realx_14952_r05_weak,14952,PhishingWebsites,categorical,5,weak,0.5,5000,30,0.4994,0.5000000000002316,3000,1000,1000,4000,26111361,26111371,26111381,3,20,20,Abnormal_URL::Shortining_Service|Favicon::URL_Length|Submitting_to_email::double_slash_redirecting,Abnormal_URL::Shortining_Service|Favicon::URL_Length|Submitting_to_email::double_slash_redirecting,Favicon::URL_Length|URL_Length::popUpWidnow,Favicon::URL_Length|URL_Length::popUpWidnow,Abnormal_URL::Shortining_Service|Favicon::URL_Length|Submitting_to_email::double_slash_redirecting,Request_URL::Submitting_to_email|age_of_domain::having_At_Symbol,Favicon::URL_Length|URL_Length::popUpWidnow,Favicon::URL_Length|Favicon::double_slash_redirecting|Iframe::Links_pointing_to_page|Iframe::Statistical_report|Iframe::URL_of_Anchor|Links_pointing_to_page::Page_Rank|Links_pointing_to_page::Submitting_to_email|Links_pointing_to_page::URL_Length|Links_pointing_to_page::URL_of_Anchor|Links_pointing_to_page::age_of_domain|Links_pointing_to_page::web_traffic|Request_URL::URL_of_Anchor|SSLfinal_State::URL_of_Anchor|Statistical_report::popUpWidnow|Submitting_to_email::URL_of_Anchor|URL_Length::double_slash_redirecting|URL_of_Anchor::age_of_domain|URL_of_Anchor::web_traffic|age_of_domain::double_slash_redirecting|double_slash_redirecting::popUpWidnow,0.0515776621039778,0.0970508305837162,0.0334362553142761,2,0.5,0.3333333333333333,0.4,2,0.5,0.3333333333333333,0.4,0.0,0.6777417741774179,0.6946695622647701,0.6124912491249125,0.5896076352067868,0.6967356735673567,0.7151345573873864,0.6301830183018302,0.6343873517786561,0.0189938993899387,0.0204649951226163,0.0176917691769177,0.0447797165718693,0.7106850685068506,0.7296428900957502,0.6801460146014602,0.6969500769837536,0.6967356735673567,0.7151345573873864,0.69008300830083,0.7132643572757675,0.0,True,True,521.8297570000868
realx_benchmark_v1,agnam_realx_semisynthetic_v1,COMPLETE,realx_14952_r05_moderate,14952,PhishingWebsites,categorical,5,moderate,1.0,5000,30,0.4974,0.4999999999999652,3000,1000,1000,4000,26111361,26111371,26111381,3,20,20,Abnormal_URL::Shortining_Service|Favicon::URL_Length|Submitting_to_email::double_slash_redirecting,Abnormal_URL::Shortining_Service|Favicon::URL_Length|Submitting_to_email::double_slash_redirecting,Abnormal_URL::Redirect|Abnormal_URL::Shortining_Service|Abnormal_URL::Submitting_to_email|Abnormal_URL::URL_Length|Abnormal_URL::double_slash_redirecting|Abnormal_URL::web_traffic|Favicon::URL_Length|URL_Length::URL_of_Anchor,Abnormal_URL::Redirect|Abnormal_URL::Shortining_Service|Abnormal_URL::Submitting_to_email|Abnormal_URL::double_slash_redirecting|Abnormal_URL::web_traffic|Favicon::URL_Length|URL_Length::URL_of_Anchor,Abnormal_URL::Shortining_Service|Favicon::URL_Length|Submitting_to_email::double_slash_redirecting,Domain_registeration_length::SSLfinal_State|Favicon::SFH|HTTPS_token::Redirect|Iframe::having_At_Symbol|Request_URL::URL_of_Anchor|SFH::double_slash_redirecting|double_slash_redirecting::port,Abnormal_URL::Redirect|Abnormal_URL::Shortining_Service|Abnormal_URL::Submitting_to_email|Abnormal_URL::URL_Length|Abnormal_URL::double_slash_redirecting|Abnormal_URL::web_traffic|Favicon::URL_Length|URL_Length::URL_of_Anchor,Abnormal_URL::Page_Rank|Abnormal_URL::Redirect|Abnormal_URL::Shortining_Service|Abnormal_URL::Statistical_report|Abnormal_URL::Submitting_to_email|Abnormal_URL::URL_of_Anchor|Abnormal_URL::double_slash_redirecting|Abnormal_URL::having_IP_Address|Domain_registeration_length::double_slash_redirecting|Favicon::age_of_domain|Favicon::double_slash_redirecting|Iframe::having_IP_Address|Links_in_tags::Page_Rank|Links_in_tags::SSLfinal_State|Links_in_tags::URL_Length|Links_in_tags::having_IP_Address|Page_Rank::URL_Length|Page_Rank::having_IP_Address|SSLfinal_State::URL_of_Anchor|URL_Length::having_IP_Address,0.1343733031813527,0.2635479719318229,0.2152766759349207,8,0.25,0.6666666666666666,0.3636363636363636,7,0.2857142857142857,0.6666666666666666,0.4,0.1666666666666666,0.6866493531476939,0.6697992341764504,0.6118525465300823,0.5913410770855333,0.7509157729364049,0.7530465788159012,0.6763013193542698,0.6928838951310862,0.0642664197887109,0.0832473446394508,0.0644487728241876,0.1015428180455528,0.7609972907549015,0.7686095347724924,0.7018507831161128,0.6919940215252982,0.7518275381137882,0.7544590300835277,0.7131165937254524,0.7076860546393476,0.0,True,True,563.1977387000807
realx_benchmark_v1,agnam_realx_semisynthetic_v1,COMPLETE,realx_14952_r05_strong,14952,PhishingWebsites,categorical,5,strong,1.5,5000,30,0.4974,0.5000000000007815,3000,1000,1000,4000,26111361,26111371,26111381,3,20,20,Abnormal_URL::Shortining_Service|Favicon::URL_Length|Submitting_to_email::double_slash_redirecting,Abnormal_URL::Shortining_Service|Favicon::URL_Length|Submitting_to_email::double_slash_redirecting,Abnormal_URL::Shortining_Service|Abnormal_URL::Submitting_to_email|Abnormal_URL::double_slash_redirecting|Favicon::URL_Length|Google_Index::URL_Length|URL_Length::URL_of_Anchor|URL_Length::double_slash_redirecting|URL_Length::having_IP_Address|URL_Length::popUpWidnow,Abnormal_URL::Shortining_Service|Abnormal_URL::Submitting_to_email|Abnormal_URL::double_slash_redirecting|Favicon::URL_Length|Google_Index::URL_Length|URL_Length::URL_of_Anchor|URL_Length::double_slash_redirecting|URL_Length::having_IP_Address|URL_Length::popUpWidnow,Abnormal_URL::Shortining_Service|Favicon::URL_Length|Submitting_to_email::double_slash_redirecting,Domain_registeration_length::SSLfinal_State|Favicon::Links_in_tags|HTTPS_token::Statistical_report|HTTPS_token::Submitting_to_email|Iframe::having_At_Symbol|Links_in_tags::double_slash_redirecting|Page_Rank::Redirect|double_slash_redirecting::port|having_IP_Address::port,Abnormal_URL::Shortining_Service|Abnormal_URL::Submitting_to_email|Abnormal_URL::double_slash_redirecting|Favicon::URL_Length|Google_Index::URL_Length|URL_Length::URL_of_Anchor|URL_Length::double_slash_redirecting|URL_Length::having_IP_Address|URL_Length::popUpWidnow,Abnormal_URL::Domain_registeration_length|Abnormal_URL::Page_Rank|Abnormal_URL::Statistical_report|Abnormal_URL::Submitting_to_email|Abnormal_URL::URL_of_Anchor|Abnormal_URL::double_slash_redirecting|Abnormal_URL::popUpWidnow|Favicon::URL_Length|Iframe::Shortining_Service|Page_Rank::Shortining_Service|Redirect::URL_Length|Shortining_Service::Submitting_to_email|Shortining_Service::URL_Length|Shortining_Service::URL_of_Anchor|Shortining_Service::double_slash_redirecting|Shortining_Service::port|Statistical_report::popUpWidnow|URL_Length::URL_of_Anchor|URL_Length::having_IP_Address|URL_Length::popUpWidnow,0.1365994006161788,0.2677285386400749,0.1529738868093351,9,0.2222222222222222,0.6666666666666666,0.3333333333333333,9,0.2222222222222222,0.6666666666666666,0.3333333333333333,0.0,0.6978425065953526,0.655013190954482,0.5955814149591028,0.4204204204204204,0.7971562686968708,0.7938749776232664,0.699908448074398,0.6815761448349308,0.0993137621015182,0.1388617866687844,0.1043270331152952,0.2611557244145103,0.7935062379787905,0.7944038596987685,0.7125711233983432,0.6847050991604962,0.7971562686968708,0.7938749776232664,0.7741558551070314,0.7582923714640047,0.0,True,True,633.1875030999072
realx_benchmark_v1,agnam_realx_semisynthetic_v1,COMPLETE,realx_125920_r01_null,125920,dresses-sales,mixed,1,null,0.0,500,12,0.494,0.500000000000188,300,100,100,400,26120961,26120971,26120981,0,11,11,V11::V9|V12::V3|V4::V8,,V11::V9,,,,V11::V9,V11::V2|V12::V2|V12::V3|V2::V3|V2::V4|V2::V6|V2::V7|V2::V8|V2::V9|V5::V7|V6::V7,0.0928487886382623,,,1,,,,0,,,,1.0,0.6682828282828283,0.6070173357418863,0.6363636363636364,0.6,0.6682828282828283,0.6070173357418863,0.6363636363636364,0.6,0.0,0.0,0.0,0.0,0.6682828282828283,0.6070173357418863,0.6682828282828283,0.6070173357418863,0.6703030303030303,0.6022382066976945,0.6634343434343434,0.5961339339579732,0.0,True,True,52.51101420004852
realx_benchmark_v1,agnam_realx_semisynthetic_v1,COMPLETE,realx_125920_r01_weak,125920,dresses-sales,mixed,1,weak,0.5,500,12,0.51,0.4999999999993897,300,100,100,400,26120961,26120971,26120981,3,11,11,V11::V9|V12::V3|V4::V8,V11::V9|V12::V3|V4::V8,V2::V7|V7::V9,,V11::V9|V12::V3|V4::V8,,V2::V7|V7::V9,V10::V3|V10::V7|V12::V4|V12::V9|V13::V3|V13::V9|V3::V7|V3::V9|V5::V9|V7::V9|V8::V9,0.0926817042606516,0.0875942884276217,0.0303846941657133,2,0.0,0.0,0.0,0,0.0,0.0,0.0,1.0,0.6,0.5866788836334379,0.5383838383838384,0.5436893203883495,0.6,0.5866788836334379,0.5383838383838384,0.5436893203883495,0.0,0.0,0.0,0.0,0.5785858585858585,0.5547088577687579,0.6,0.5866788836334379,0.6036363636363636,0.5868627920292322,0.6028282828282829,0.5908910767098389,0.0,True,True,58.95256760017946
realx_benchmark_v1,agnam_realx_semisynthetic_v1,COMPLETE,realx_125920_r01_moderate,125920,dresses-sales,mixed,1,moderate,1.0,500,12,0.524,0.4999999999997256,300,100,100,400,26120961,26120971,26120981,3,11,11,V11::V9|V12::V3|V4::V8,V11::V9|V12::V3|V4::V8,V2::V7|V5::V7,,V11::V9|V12::V3|V4::V8,,V2::V7|V5::V7,V10::V4|V10::V7|V11::V7|V12::V4|V12::V7|V13::V7|V2::V7|V4::V7|V4::V9|V5::V7|V6::V7,0.0858646616541353,0.0741215953999415,0.0428334916552953,2,0.0,0.0,0.0,0,0.0,0.0,0.0,1.0,0.6590636254501802,0.659542279591742,0.6112444977991196,0.6285714285714286,0.6590636254501802,0.659542279591742,0.6112444977991196,0.6285714285714286,0.0,0.0,0.0,0.0,0.6198479391756703,0.640203751167697,0.6590636254501802,0.659542279591742,0.6606642657062824,0.6241604865380509,0.6578631452581033,0.6615121627243484,0.0,True,True,51.49196100002155
realx_benchmark_v1,agnam_realx_semisynthetic_v1,COMPLETE,realx_125920_r01_strong,125920,dresses-sales,mixed,1,strong,1.5,500,12,0.506,0.5000000000001145,300,100,100,400,26120961,26120971,26120981,3,11,11,V11::V9|V12::V3|V4::V8,V11::V9|V12::V3|V4::V8,V12::V6|V3::V8|V5::V7|V6::V7,,V11::V9|V12::V3|V4::V8,,V12::V6|V3::V8|V5::V7|V6::V7,V11::V3|V11::V9|V12::V3|V12::V6|V13::V6|V3::V6|V3::V9|V4::V6|V5::V6|V6::V7|V6::V9,0.1080868838763575,0.0833720023629893,0.0366534804743545,4,0.0,0.0,0.0,0,0.0,0.0,0.0,1.0,0.6743156199677939,0.6455195099402624,0.6191626409017714,0.5957446808510638,0.6743156199677939,0.6455195099402624,0.6191626409017714,0.5957446808510638,0.0,0.0,0.0,0.0,0.6606280193236714,0.6335058488354545,0.6743156199677939,0.6455195099402624,0.6570048309178744,0.6411363795098526,0.6215780998389694,0.5620888588438712,0.0,True,True,56.28791559999809
realx_benchmark_v1,agnam_realx_semisynthetic_v1,COMPLETE,realx_125920_r02_null,125920,dresses-sales,mixed,2,null,0.0,500,12,0.526,0.4999999999995773,300,100,100,400,26121061,26121071,26121081,0,11,11,V12::V2|V13::V8|V3::V9,,V11::V12|V11::V3|V3::V6,,,,V11::V12|V11::V3|V3::V6,V11::V12|V11::V2|V11::V3|V11::V5|V11::V6|V11::V7|V11::V9|V2::V6|V2::V7|V4::V7|V6::V7,0.1521485085262175,,,3,,,,0,,,,1.0,0.6234190126478988,0.6946598060298168,0.5569155446756426,0.6,0.6234190126478988,0.6946598060298168,0.5569155446756426,0.6,0.0,0.0,0.0,0.0,0.6234190126478988,0.6946598060298168,0.6234190126478988,0.6946598060298168,0.6246430028559771,0.6820321426157927,0.6181150550795593,0.6961862736094055,0.0,True,True,47.40693560009822
realx_benchmark_v1,agnam_realx_semisynthetic_v1,COMPLETE,realx_125920_r02_weak,125920,dresses-sales,mixed,2,weak,0.5,500,12,0.526,0.4999999999995005,300,100,100,400,26121061,26121071,26121081,3,11,11,V12::V2|V13::V8|V3::V9,V12::V2|V13::V8|V3::V9,V11::V9|V6::V7|V7::V9,,V12::V2|V13::V8|V3::V9,,V11::V9|V6::V7|V7::V9,V10::V9|V11::V13|V11::V7|V11::V9|V12::V9|V13::V7|V13::V9|V2::V9|V6::V9|V7::V9|V8::V9,0.0949958228905597,0.0479267571198983,0.0050682097700048,3,0.0,0.0,0.0,0,0.0,0.0,0.0,1.0,0.4991883116883116,0.5855988470755985,0.4910714285714285,0.7096774193548387,0.4991883116883116,0.5855988470755985,0.4910714285714285,0.7096774193548387,0.0,0.0,0.0,0.0,0.4764610389610389,0.5657589283764269,0.4991883116883116,0.5855988470755985,0.5097402597402597,0.6041620949727918,0.5576298701298702,0.6528138857917094,0.0,True,True,42.60990460007452
realx_benchmark_v1,agnam_realx_semisynthetic_v1,COMPLETE,realx_125920_r02_moderate,125920,dresses-sales,mixed,2,moderate,1.0,500,12,0.512,0.5000000000002777,300,100,100,400,26121061,26121071,26121081,3,11,11,V12::V2|V13::V8|V3::V9,V12::V2|V13::V8|V3::V9,V11::V3|V11::V5,,V12::V2|V13::V8|V3::V9,,V11::V3|V11::V5,V10::V11|V10::V4|V10::V5|V11::V12|V11::V13|V11::V3|V11::V4|V11::V5|V13::V4|V2::V3|V4::V5,0.1097577276524645,0.0706458611845522,0.0428742970376738,2,0.0,0.0,0.0,0,0.0,0.0,0.0,1.0,0.546366920915295,0.5823381303008274,0.5194700923323966,0.5384615384615384,0.546366920915295,0.5823381303008274,0.5194700923323966,0.5384615384615384,0.0,0.0,0.0,0.0,0.5234845443596949,0.572457643342198,0.546366920915295,0.5823381303008274,0.5724608590927338,0.5913176828354701,0.5576073865917301,0.5672420822453818,0.0,True,True,45.05792290018872
realx_benchmark_v1,agnam_realx_semisynthetic_v1,COMPLETE,realx_125920_r02_strong,125920,dresses-sales,mixed,2,strong,1.5,500,12,0.502,0.4999999999995253,300,100,100,400,26121061,26121071,26121081,3,11,11,V12::V2|V13::V8|V3::V9,V12::V2|V13::V8|V3::V9,V7::V9,,V12::V2|V13::V8|V3::V9,,V7::V9,V10::V2|V10::V8|V10::V9|V12::V2|V13::V2|V2::V3|V2::V5|V2::V6|V2::V7|V2::V8|V2::V9,0.0721303258145363,0.0802274697070852,0.0440822447652309,1,0.0,0.0,0.0,0,0.0,0.0,0.0,1.0,0.4863782051282051,0.494827623511901,0.4927884615384615,0.6620689655172414,0.4863782051282051,0.494827623511901,0.4927884615384615,0.6620689655172414,0.0,0.0,0.0,0.0,0.4879807692307692,0.5278617625106333,0.4863782051282051,0.494827623511901,0.4891826923076924,0.4967644887574778,0.5092147435897436,0.5227422644078692,0.0,True,True,37.03044799994677
realx_benchmark_v1,agnam_realx_semisynthetic_v1,COMPLETE,realx_125920_r03_null,125920,dresses-sales,mixed,3,null,0.0,500,12,0.492,0.5000000000005581,300,100,100,400,26121161,26121171,26121181,0,11,11,V10::V11|V13::V4|V2::V9,,,,,,,V10::V6|V11::V4|V11::V6|V12::V6|V13::V6|V2::V6|V3::V6|V4::V6|V5::V6|V6::V8|V6::V9,0.0585714285714285,,,0,,,,0,,,,,0.6995073891625615,0.7382905896893056,0.6769293924466337,0.7394957983193278,0.6995073891625615,0.7382905896893056,0.6769293924466337,0.7394957983193278,0.0,0.0,0.0,0.0,0.6995073891625615,0.7382905896893056,0.6995073891625615,0.7382905896893056,0.6995073891625615,0.7382905896893056,0.6995073891625615,0.7511108499445273,0.0,True,True,58.76324160001241
realx_benchmark_v1,agnam_realx_semisynthetic_v1,COMPLETE,realx_125920_r03_weak,125920,dresses-sales,mixed,3,weak,0.5,500,12,0.482,0.4999999999994903,300,100,100,400,26121161,26121171,26121181,3,11,11,V10::V11|V13::V4|V2::V9,V10::V11|V13::V4|V2::V9,V12::V4|V12::V8|V4::V5,,V10::V11|V13::V4|V2::V9,,V12::V4|V12::V8|V4::V5,V12::V13|V12::V3|V12::V4|V12::V5|V12::V6|V12::V7|V12::V8|V3::V8|V4::V8|V5::V8|V6::V8,0.1009523809523809,0.0543919973864179,0.0142565760998316,3,0.0,0.0,0.0,0,0.0,0.0,0.0,1.0,0.6322761942994781,0.6565033201618624,0.5915295062224006,0.594059405940594,0.6322761942994781,0.6565033201618624,0.5915295062224006,0.594059405940594,0.0,0.0,0.0,0.0,0.6467282215977518,0.6941061037589867,0.6322761942994781,0.6565033201618624,0.6218386190285026,0.699478009140093,0.5704536330790847,0.5984278837817432,0.0,True,True,64.46068420005031
realx_benchmark_v1,agnam_realx_semisynthetic_v1,COMPLETE,realx_125920_r03_moderate,125920,dresses-sales,mixed,3,moderate,1.0,500,12,0.494,0.4999999999998504,300,100,100,400,26121161,26121171,26121181,3,11,11,V10::V11|V13::V4|V2::V9,V10::V11|V13::V4|V2::V9,V12::V13,,V10::V11|V13::V4|V2::V9,,V12::V13,V10::V8|V11::V13|V11::V8|V13::V2|V13::V5|V13::V6|V13::V8|V2::V6|V2::V8|V5::V8|V6::V8,0.1027367438203351,0.1119736936470305,0.0697677166527803,1,0.0,0.0,0.0,0,0.0,0.0,0.0,1.0,0.6003999999999999,0.5801325935916263,0.6000000000000001,0.5652173913043478,0.6003999999999999,0.5801325935916263,0.6000000000000001,0.5652173913043478,0.0,0.0,0.0,0.0,0.6436,0.6356092574237171,0.6003999999999999,0.5801325935916263,0.6056,0.6010201289733565,0.6248,0.6309043030555315,0.0,True,True,80.03769519994967
realx_benchmark_v1,agnam_realx_semisynthetic_v1,COMPLETE,realx_125920_r03_strong,125920,dresses-sales,mixed,3,strong,1.5,500,12,0.488,0.4999999999999587,300,100,100,400,26121161,26121171,26121181,3,11,11,V10::V11|V13::V4|V2::V9,V10::V11|V13::V4|V2::V9,V2::V7|V4::V7|V4::V9,,V10::V11|V13::V4|V2::V9,,V2::V7|V4::V7|V4::V9,V10::V2|V10::V7|V2::V6|V2::V7|V2::V8|V3::V5|V3::V7|V4::V7|V5::V7|V6::V8|V7::V8,0.1014285714285714,0.0726143765193001,0.0279433010242573,3,0.0,0.0,0.0,0,0.0,0.0,0.0,1.0,0.5816940987555198,0.5775005281435301,0.5772782015254918,0.5434782608695652,0.5816940987555198,0.5775005281435301,0.5772782015254918,0.5434782608695652,0.0,0.0,0.0,0.0,0.6346848655158571,0.6207346372373115,0.5816940987555198,0.5775005281435301,0.5877157767964672,0.5744435035261013,0.6166198313930149,0.591280356760892,0.0,True,True,79.46145990001969
realx_benchmark_v1,agnam_realx_semisynthetic_v1,COMPLETE,realx_125920_r04_null,125920,dresses-sales,mixed,4,null,0.0,500,12,0.522,0.5000000000003851,300,100,100,400,26121261,26121271,26121281,0,11,11,V10::V12|V13::V7|V3::V6,,,,,,,V11::V3|V12::V3|V12::V7|V13::V9|V3::V6|V3::V7|V3::V8|V3::V9|V6::V7|V7::V9|V8::V9,0.061578947368421,,,0,,,,0,,,,,0.6666666666666666,0.6515872670323839,0.632452981192477,0.5842696629213483,0.6666666666666666,0.6515872670323839,0.632452981192477,0.5842696629213483,0.0,0.0,0.0,0.0,0.6666666666666666,0.6515872670323839,0.6666666666666666,0.6515872670323839,0.6666666666666666,0.6515872670323839,0.6590636254501802,0.6384087316639369,0.0,True,True,51.4028523999732
realx_benchmark_v1,agnam_realx_semisynthetic_v1,COMPLETE,realx_125920_r04_weak,125920,dresses-sales,mixed,4,weak,0.5,500,12,0.538,0.4999999999999155,300,100,100,400,26121261,26121271,26121281,3,11,11,V10::V12|V13::V7|V3::V6,V10::V12|V13::V7|V3::V6,V12::V6|V12::V8|V13::V4|V13::V8|V2::V4,,V10::V12|V13::V7|V3::V6,,V12::V6|V12::V8|V13::V4|V13::V8|V2::V4,V12::V2|V12::V4|V12::V6|V12::V7|V12::V8|V13::V2|V13::V4|V2::V4|V3::V4|V4::V6|V4::V7,0.115547201336675,0.0685144719723477,0.0228381181709726,5,0.0,0.0,0.0,0,0.0,0.0,0.0,1.0,0.6521739130434783,0.6129327048523893,0.6022544283413849,0.5918367346938775,0.6521739130434783,0.6129327048523893,0.6022544283413849,0.5918367346938775,0.0,0.0,0.0,0.0,0.6553945249597424,0.6138545778310488,0.6521739130434783,0.6129327048523893,0.6352657004830918,0.5797559441015178,0.6284219001610306,0.576560644838794,0.0,True,True,48.43312940001488
realx_benchmark_v1,agnam_realx_semisynthetic_v1,COMPLETE,realx_125920_r04_moderate,125920,dresses-sales,mixed,4,moderate,1.0,500,12,0.522,0.4999999999998853,300,100,100,400,26121261,26121271,26121281,3,11,11,V10::V12|V13::V7|V3::V6,V10::V12|V13::V7|V3::V6,V2::V8|V8::V9,,V10::V12|V13::V7|V3::V6,,V2::V8|V8::V9,V10::V13|V10::V8|V10::V9|V13::V2|V13::V7|V13::V8|V13::V9|V2::V7|V2::V8|V3::V8|V8::V9,0.0949039264828738,0.0774808591118241,0.0370611014192888,2,0.0,0.0,0.0,0,0.0,0.0,0.0,1.0,0.6746794871794871,0.6049682519694047,0.6306089743589745,0.6262626262626263,0.6746794871794871,0.6049682519694047,0.6306089743589745,0.6262626262626263,0.0,0.0,0.0,0.0,0.6818910256410257,0.6124015701886872,0.6746794871794871,0.6049682519694047,0.6786858974358975,0.6114595886710178,0.6482371794871795,0.5948792267799923,0.0,True,True,47.33973509981297
realx_benchmark_v1,agnam_realx_semisynthetic_v1,COMPLETE,realx_125920_r04_strong,125920,dresses-sales,mixed,4,strong,1.5,500,12,0.526,0.5000000000002868,300,100,100,400,26121261,26121271,26121281,3,11,11,V10::V12|V13::V7|V3::V6,V10::V12|V13::V7|V3::V6,V6::V8|V7::V8|V8::V9,,V10::V12|V13::V7|V3::V6,,V6::V8|V7::V8|V8::V9,V10::V12|V12::V2|V12::V4|V12::V6|V12::V7|V12::V8|V4::V5|V5::V6|V6::V7|V6::V8|V7::V8,0.1258828443658165,0.0664104955904031,0.0246536896441262,3,0.0,0.0,0.0,0,0.0,0.0,0.0,1.0,0.6490596238495397,0.5935052519091139,0.6496598639455782,0.6391752577319587,0.6490596238495397,0.5935052519091139,0.6496598639455782,0.6391752577319587,0.0,0.0,0.0,0.0,0.6446578631452581,0.590309418118483,0.6490596238495397,0.5935052519091139,0.6466586634653861,0.6031436363181447,0.6718687474989996,0.5911515440722047,0.0,True,True,51.06287879985757
realx_benchmark_v1,agnam_realx_semisynthetic_v1,COMPLETE,realx_125920_r05_null,125920,dresses-sales,mixed,5,null,0.0,500,12,0.524,0.4999999999999743,300,100,100,400,26121361,26121371,26121381,0,11,11,V10::V11|V12::V13|V4::V9,,,,,,,V10::V11|V10::V2|V10::V4|V10::V6|V10::V7|V10::V8|V11::V7|V2::V4|V2::V7|V4::V7|V4::V8,0.0542857142857142,,,0,,,,0,,,,,0.6358333333333334,0.5620844485582006,0.5708333333333333,0.5319148936170213,0.6358333333333334,0.5620844485582006,0.5708333333333333,0.5319148936170213,0.0,0.0,0.0,0.0,0.6358333333333334,0.5620844485582006,0.6358333333333334,0.5620844485582006,0.6358333333333334,0.5620844485582006,0.6733333333333332,0.574115388935271,0.0,True,True,74.11374599998817
realx_benchmark_v1,agnam_realx_semisynthetic_v1,COMPLETE,realx_125920_r05_weak,125920,dresses-sales,mixed,5,weak,0.5,500,12,0.536,0.5000000000005622,300,100,100,400,26121361,26121371,26121381,3,11,11,V10::V11|V12::V13|V4::V9,V10::V11|V12::V13|V4::V9,V11::V3|V2::V3,,V10::V11|V12::V13|V4::V9,,V11::V3|V2::V3,V11::V3|V11::V5|V11::V7|V11::V8|V12::V8|V13::V8|V2::V8|V3::V8|V5::V7|V5::V8|V8::V9,0.0800751879699248,0.0710221569953128,0.028678572773891,2,0.0,0.0,0.0,0,0.0,0.0,0.0,1.0,0.6806006493506493,0.6142983028947455,0.6087662337662337,0.6,0.6806006493506493,0.6142983028947455,0.6087662337662337,0.6,0.0,0.0,0.0,0.0,0.6708603896103896,0.6072459417467044,0.6806006493506493,0.6142983028947455,0.6806006493506495,0.6208903051708712,0.666801948051948,0.6200812821400737,0.0,True,True,51.08796850009821
realx_benchmark_v1,agnam_realx_semisynthetic_v1,COMPLETE,realx_125920_r05_moderate,125920,dresses-sales,mixed,5,moderate,1.0,500,12,0.52,0.5000000000006729,300,100,100,400,26121361,26121371,26121381,3,11,11,V10::V11|V12::V13|V4::V9,V10::V11|V12::V13|V4::V9,V10::V13|V13::V5,,V10::V11|V12::V13|V4::V9,,V10::V13|V13::V5,V10::V12|V10::V6|V10::V8|V11::V8|V11::V9|V12::V8|V2::V6|V5::V9|V6::V8|V6::V9|V8::V9,0.072297410192147,0.0816926892785994,0.0363452153064616,2,0.0,0.0,0.0,0,0.0,0.0,0.0,1.0,0.6451224407868326,0.610087760569722,0.5608189482135688,0.5510204081632653,0.6451224407868326,0.610087760569722,0.5608189482135688,0.5510204081632653,0.0,0.0,0.0,0.0,0.6254516258530711,0.6073460032585091,0.6451224407868326,0.610087760569722,0.6467282215977519,0.6103297423385128,0.6089923725411481,0.5903520543894527,0.0,True,True,53.59364069998264
realx_benchmark_v1,agnam_realx_semisynthetic_v1,COMPLETE,realx_125920_r05_strong,125920,dresses-sales,mixed,5,strong,1.5,500,12,0.508,0.5000000000009229,300,100,100,400,26121361,26121371,26121381,3,11,11,V10::V11|V12::V13|V4::V9,V10::V11|V12::V13|V4::V9,,,V10::V11|V12::V13|V4::V9,,,V10::V3|V10::V4|V10::V7|V12::V7|V13::V4|V3::V4|V3::V7|V4::V6|V4::V7|V4::V8|V6::V7,0.0711027568922305,0.1672063247929743,0.1542317249607984,0,0.0,0.0,0.0,0,0.0,0.0,0.0,,0.5519871537535126,0.5351638378473229,0.5927338418305901,0.594059405940594,0.5519871537535126,0.5351638378473229,0.5927338418305901,0.594059405940594,0.0,0.0,0.0,0.0,0.578883982336411,0.5194307274782056,0.5519871537535126,0.5351638378473229,0.5519871537535126,0.5351638378473229,0.590525893215576,0.5562891439404538,0.0,True,True,71.44686939986423
realx_benchmark_v1,agnam_realx_semisynthetic_v1,COMPLETE,realx_31_r01_null,31,credit-g,mixed,1,null,0.0,1000,20,0.478,0.5000000000005298,600,200,200,800,26130961,26130971,26130981,0,19,19,age::other_payment_plans|checking_status::existing_credits|job::property_magnitude,,,,,,,age::employment|age::num_dependents|age::other_payment_plans|age::own_telephone|checking_status::own_telephone|duration::other_payment_plans|employment::other_payment_plans|employment::own_telephone|employment::personal_status|housing::own_telephone|installment_commitment::other_payment_plans|num_dependents::other_payment_plans|num_dependents::personal_status|other_parties::own_telephone|other_payment_plans::own_telephone|other_payment_plans::personal_status|other_payment_plans::property_magnitude|own_telephone::personal_status|personal_status::residence_since,0.0193822393822393,,,0,,,,0,,,,,0.6593659365936594,0.6432175326403925,0.6042104210421042,0.5683060109289617,0.6593659365936594,0.6432175326403925,0.6042104210421042,0.5683060109289617,0.0,0.0,0.0,0.0,0.6593659365936594,0.6432175326403925,0.6593659365936594,0.6432175326403925,0.6593659365936594,0.6432175326403925,0.6559655965596559,0.6300351203085992,0.0,True,True,96.02631750004366
realx_benchmark_v1,agnam_realx_semisynthetic_v1,COMPLETE,realx_31_r01_weak,31,credit-g,mixed,1,weak,0.5,1000,20,0.481,0.5000000000009688,600,200,200,800,26130961,26130971,26130981,3,19,19,age::other_payment_plans|checking_status::existing_credits|job::property_magnitude,age::other_payment_plans|checking_status::existing_credits|job::property_magnitude,,,age::other_payment_plans|checking_status::existing_credits|job::property_magnitude,,,age::employment|age::own_telephone|age::personal_status|duration::other_parties|employment::housing|employment::other_parties|employment::own_telephone|employment::personal_status|housing::other_parties|housing::own_telephone|housing::personal_status|other_parties::own_telephone|other_parties::personal_status|other_payment_plans::own_telephone|other_payment_plans::personal_status|other_payment_plans::residence_since|own_telephone::personal_status|own_telephone::residence_since|personal_status::residence_since,0.019069069069069,0.0864705887610411,0.1483924764076205,0,0.0,0.0,0.0,0,0.0,0.0,0.0,,0.6647664766476648,0.6339324247299407,0.6007600760076008,0.5698924731182796,0.6647664766476648,0.6339324247299407,0.6007600760076008,0.5698924731182796,0.0,0.0,0.0,0.0,0.6616661666166616,0.6321242305097572,0.6647664766476648,0.6339324247299407,0.6647664766476648,0.6339324247299407,0.6684668466846685,0.6325298943227513,0.0,True,True,97.68608870008028
realx_benchmark_v1,agnam_realx_semisynthetic_v1,COMPLETE,realx_31_r01_moderate,31,credit-g,mixed,1,moderate,1.0,1000,20,0.476,0.5000000000005818,600,200,200,800,26130961,26130971,26130981,3,19,19,age::other_payment_plans|checking_status::existing_credits|job::property_magnitude,age::other_payment_plans|checking_status::existing_credits|job::property_magnitude,installment_commitment::personal_status|own_telephone::personal_status|own_telephone::residence_since,own_telephone::personal_status,age::other_payment_plans|checking_status::existing_credits|job::property_magnitude,foreign_worker::housing,installment_commitment::personal_status|own_telephone::personal_status|own_telephone::residence_since,age::duration|age::employment|age::own_telephone|checking_status::own_telephone|duration::other_payment_plans|employment::housing|employment::other_parties|employment::own_telephone|employment::personal_status|existing_credits::other_payment_plans|housing::other_parties|housing::own_telephone|job::other_parties|other_parties::own_telephone|other_payment_plans::own_telephone|other_payment_plans::residence_since|own_telephone::personal_status|own_telephone::residence_since|personal_status::residence_since,0.0783864307393719,0.0266424985499105,0.0057563594189149,3,0.0,0.0,0.0,1,0.0,0.0,0.0,0.6666666666666666,0.6452645264526452,0.624503502741677,0.6059105910591059,0.5683060109289617,0.6531653165316532,0.6279465768402039,0.6296629662966297,0.6442307692307693,0.007900790079008,0.0034430740985269,0.0237523752375237,0.0759247583018075,0.6512651265126512,0.6278949371156404,0.6455645564556455,0.6256225300557394,0.6518651865186519,0.6291721713171413,0.6473647364736473,0.628430067274915,0.0,True,True,101.25465009990148
realx_benchmark_v1,agnam_realx_semisynthetic_v1,COMPLETE,realx_31_r01_strong,31,credit-g,mixed,1,strong,1.5,1000,20,0.482,0.499999999999373,600,200,200,800,26130961,26130971,26130981,3,19,19,age::other_payment_plans|checking_status::existing_credits|job::property_magnitude,age::other_payment_plans|checking_status::existing_credits|job::property_magnitude,housing::own_telephone|own_telephone::residence_since,housing::own_telephone,age::other_payment_plans|checking_status::existing_credits|job::property_magnitude,foreign_worker::housing,housing::own_telephone|own_telephone::residence_since,age::credit_amount|age::duration|age::own_telephone|credit_amount::existing_credits|credit_amount::residence_since|duration::other_payment_plans|employment::housing|employment::other_parties|employment::own_telephone|employment::personal_status|existing_credits::other_payment_plans|existing_credits::residence_since|housing::own_telephone|other_parties::own_telephone|other_payment_plans::own_telephone|other_payment_plans::personal_status|own_telephone::personal_status|own_telephone::residence_since|personal_status::residence_since,0.0554525008201478,0.0872297307381364,0.1432957678042136,2,0.0,0.0,0.0,1,0.0,0.0,0.0,0.5,0.668767507002801,0.6614077908929625,0.6290516206482593,0.6509433962264151,0.6700680272108844,0.6610189450301054,0.6212484993997599,0.6,0.0013005202080834,-0.0003888458628571,-0.0078031212484993,-0.050943396226415,0.6640656262505003,0.6613967829635088,0.6678671468587434,0.6609149486260579,0.672468987595038,0.6649492272905657,0.6676670668267307,0.662136644205915,0.0,True,True,103.61423750012182
realx_benchmark_v1,agnam_realx_semisynthetic_v1,COMPLETE,realx_31_r02_null,31,credit-g,mixed,2,null,0.0,1000,20,0.51,0.5000000000003665,600,200,200,800,26131061,26131071,26131081,0,19,19,age::personal_status|checking_status::housing|credit_history::duration,,credit_amount::own_telephone|foreign_worker::residence_since|own_telephone::savings_status,,,,credit_amount::own_telephone|foreign_worker::residence_since|own_telephone::savings_status,checking_status::foreign_worker|credit_amount::foreign_worker|credit_amount::own_telephone|duration::foreign_worker|employment::foreign_worker|existing_credits::foreign_worker|existing_credits::own_telephone|foreign_worker::installment_commitment|foreign_worker::job|foreign_worker::other_payment_plans|foreign_worker::own_telephone|foreign_worker::property_magnitude|foreign_worker::purpose|foreign_worker::residence_since|foreign_worker::savings_status|job::own_telephone|other_payment_plans::own_telephone|own_telephone::purpose|own_telephone::savings_status,0.0732652849894229,,,3,,,,0,,,,1.0,0.6845953525641025,0.6962532718006244,0.6438301282051282,0.6635071090047393,0.6845953525641025,0.6962532718006244,0.6438301282051282,0.6635071090047393,0.0,0.0,0.0,0.0,0.6845953525641025,0.6962532718006244,0.6845953525641025,0.6962532718006244,0.6929086538461539,0.7091255582617442,0.6851963141025641,0.7019441555643253,0.0,True,True,127.35528860008344
realx_benchmark_v1,agnam_realx_semisynthetic_v1,COMPLETE,realx_31_r02_weak,31,credit-g,mixed,2,weak,0.5,1000,20,0.505,0.5000000000006752,600,200,200,800,26131061,26131071,26131081,3,19,19,age::personal_status|checking_status::housing|credit_history::duration,age::personal_status|checking_status::housing|credit_history::duration,foreign_worker::residence_since|own_telephone::purpose|own_telephone::savings_status,,age::personal_status|checking_status::housing|credit_history::duration,,foreign_worker::residence_since|own_telephone::purpose|own_telephone::savings_status,credit_amount::foreign_worker|duration::foreign_worker|employment::foreign_worker|existing_credits::foreign_worker|existing_credits::own_telephone|existing_credits::savings_status|foreign_worker::installment_commitment|foreign_worker::job|foreign_worker::other_parties|foreign_worker::other_payment_plans|foreign_worker::own_telephone|foreign_worker::personal_status|foreign_worker::property_magnitude|foreign_worker::purpose|foreign_worker::residence_since|foreign_worker::savings_status|other_payment_plans::own_telephone|own_telephone::purpose|own_telephone::savings_status,0.0650342808760658,0.0890276317120083,0.1444494471541036,3,0.0,0.0,0.0,0,0.0,0.0,0.0,1.0,0.6278627862786279,0.6241502351068914,0.5948094809480948,0.6048780487804878,0.6278627862786279,0.6241502351068914,0.5948094809480948,0.6048780487804878,0.0,0.0,0.0,0.0,0.677967796779678,0.6573230635712337,0.6278627862786279,0.6241502351068914,0.6386638663866386,0.617170468189463,0.6451645164516451,0.6342389352286826,0.0,True,True,150.47167419991456
realx_benchmark_v1,agnam_realx_semisynthetic_v1,COMPLETE,realx_31_r02_moderate,31,credit-g,mixed,2,moderate,1.0,1000,20,0.501,0.4999999999998578,600,200,200,800,26131061,26131071,26131081,3,19,19,age::personal_status|checking_status::housing|credit_history::duration,age::personal_status|checking_status::housing|credit_history::duration,,,age::personal_status|checking_status::housing|credit_history::duration,,,age::foreign_worker|credit_amount::foreign_worker|credit_amount::own_telephone|duration::foreign_worker|employment::foreign_worker|existing_credits::foreign_worker|existing_credits::own_telephone|existing_credits::savings_status|foreign_worker::installment_commitment|foreign_worker::job|foreign_worker::other_payment_plans|foreign_worker::own_telephone|foreign_worker::property_magnitude|foreign_worker::purpose|foreign_worker::savings_status|job::own_telephone|other_payment_plans::own_telephone|own_telephone::purpose|own_telephone::savings_status,0.025087945087945,0.0904452815101751,0.1619665464461136,0,0.0,0.0,0.0,0,0.0,0.0,0.0,,0.5762576257625762,0.5821166308097265,0.5765076507650765,0.5029239766081871,0.5762576257625762,0.5821166308097265,0.5765076507650765,0.5029239766081871,0.0,0.0,0.0,0.0,0.6607660766076607,0.6656256702833285,0.5762576257625762,0.5821166308097265,0.5762576257625762,0.5821166308097265,0.5726572657265727,0.5736567663264189,0.0,True,True,130.63876960007474
realx_benchmark_v1,agnam_realx_semisynthetic_v1,COMPLETE,realx_31_r02_strong,31,credit-g,mixed,2,strong,1.5,1000,20,0.492,0.4999999999996783,600,200,200,800,26131061,26131071,26131081,3,19,19,age::personal_status|checking_status::housing|credit_history::duration,age::personal_status|checking_status::housing|credit_history::duration,credit_amount::own_telephone|own_telephone::savings_status,,age::personal_status|checking_status::housing|credit_history::duration,,credit_amount::own_telephone|own_telephone::savings_status,checking_status::foreign_worker|credit_amount::existing_credits|credit_amount::foreign_worker|credit_amount::own_telephone|duration::foreign_worker|duration::own_telephone|existing_credits::foreign_worker|existing_credits::own_telephone|existing_credits::savings_status|foreign_worker::installment_commitment|foreign_worker::job|foreign_worker::other_payment_plans|foreign_worker::own_telephone|foreign_worker::property_magnitude|foreign_worker::purpose|foreign_worker::savings_status|other_payment_plans::own_telephone|own_telephone::purpose|own_telephone::savings_status,0.0746160446160446,0.0840578290967179,0.1459007207279928,2,0.0,0.0,0.0,0,0.0,0.0,0.0,1.0,0.5610244097639056,0.5759171638061071,0.508203281312525,0.5545454545454546,0.5610244097639056,0.5759171638061071,0.508203281312525,0.5545454545454546,0.0,0.0,0.0,0.0,0.683873549419768,0.671999634777747,0.5610244097639056,0.5759171638061071,0.547218887555022,0.5790168947825698,0.5580232092837134,0.5754053181552075,0.0,True,True,143.82581909978762
realx_benchmark_v1,agnam_realx_semisynthetic_v1,COMPLETE,realx_31_r03_null,31,credit-g,mixed,3,null,0.0,1000,20,0.511,0.4999999999999544,600,200,200,800,26131161,26131171,26131181,0,19,19,duration::employment|foreign_worker::property_magnitude|housing::savings_status,,credit_history::personal_status|foreign_worker::personal_status|own_telephone::personal_status|personal_status::purpose,,,,credit_history::personal_status|foreign_worker::personal_status|own_telephone::personal_status|personal_status::purpose,checking_status::duration|checking_status::housing|checking_status::own_telephone|checking_status::purpose|credit_history::duration|credit_history::housing|credit_history::personal_status|employment::personal_status|employment::purpose|housing::own_telephone|housing::property_magnitude|housing::purpose|installment_commitment::personal_status|other_parties::personal_status|other_parties::purpose|own_telephone::personal_status|own_telephone::purpose|personal_status::purpose|purpose::savings_status,0.0859399525575996,,,4,,,,0,,,,1.0,0.7305462313091242,0.6302439098333863,0.7018614586512053,0.69,0.7305462313091242,0.6302439098333863,0.7018614586512053,0.69,0.0,0.0,0.0,0.0,0.7305462313091242,0.6302439098333863,0.7305462313091242,0.6302439098333863,0.7046078730546231,0.5862672457706124,0.7252568406062457,0.6119903483453226,0.0,True,True,115.50287790014409
realx_benchmark_v1,agnam_realx_semisynthetic_v1,COMPLETE,realx_31_r03_weak,31,credit-g,mixed,3,weak,0.5,1000,20,0.507,0.5000000000005715,600,200,200,800,26131161,26131171,26131181,3,19,19,duration::employment|foreign_worker::property_magnitude|housing::savings_status,duration::employment|foreign_worker::property_magnitude|housing::savings_status,employment::foreign_worker,,duration::employment|foreign_worker::property_magnitude|housing::savings_status,,employment::foreign_worker,age::existing_credits|age::housing|age::own_telephone|age::personal_status|age::property_magnitude|age::purpose|checking_status::own_telephone|credit_history::duration|credit_history::housing|credit_history::own_telephone|duration::housing|duration::property_magnitude|existing_credits::housing|existing_credits::personal_status|housing::own_telephone|housing::property_magnitude|housing::purpose|own_telephone::purpose|own_telephone::savings_status,0.0481267822444293,0.070858984745282,0.0776929633009576,1,0.0,0.0,0.0,0,0.0,0.0,0.0,1.0,0.7373768472906403,0.6538921701681535,0.6933497536945813,0.6593406593406593,0.7373768472906403,0.6538921701681535,0.6933497536945813,0.6593406593406593,0.0,0.0,0.0,0.0,0.7303981937602628,0.6501238483062326,0.7373768472906403,0.6538921701681535,0.7376847290640395,0.6551241960820033,0.729064039408867,0.6551393318543064,0.0,True,True,108.70481529994868
realx_benchmark_v1,agnam_realx_semisynthetic_v1,COMPLETE,realx_31_r03_moderate,31,credit-g,mixed,3,moderate,1.0,1000,20,0.504,0.4999999999993794,600,200,200,800,26131161,26131171,26131181,3,19,19,duration::employment|foreign_worker::property_magnitude|housing::savings_status,duration::employment|foreign_worker::property_magnitude|housing::savings_status,credit_history::duration|credit_history::personal_status,,duration::employment|foreign_worker::property_magnitude|housing::savings_status,,credit_history::duration|credit_history::personal_status,age::credit_amount|age::credit_history|age::personal_status|credit_amount::credit_history|credit_amount::personal_status|credit_history::duration|credit_history::installment_commitment|credit_history::own_telephone|credit_history::personal_status|credit_history::property_magnitude|duration::personal_status|existing_credits::personal_status|foreign_worker::personal_status|installment_commitment::personal_status|other_payment_plans::personal_status|own_telephone::personal_status|personal_status::property_magnitude|personal_status::purpose|personal_status::residence_since,0.0819635143164555,0.060010901460032,0.044111090459681,2,0.0,0.0,0.0,0,0.0,0.0,0.0,1.0,0.685899382528596,0.6133849015813988,0.611904038870331,0.5894736842105263,0.685899382528596,0.6133849015813988,0.611904038870331,0.5894736842105263,0.0,0.0,0.0,0.0,0.6843810102237068,0.6134725187910406,0.685899382528596,0.6133849015813988,0.7013867800384654,0.6356701189493775,0.6790160947464319,0.6215879771805255,0.0,True,True,110.78755359980278
realx_benchmark_v1,agnam_realx_semisynthetic_v1,COMPLETE,realx_31_r03_strong,31,credit-g,mixed,3,strong,1.5,1000,20,0.492,0.4999999999997703,600,200,200,800,26131161,26131171,26131181,3,19,19,duration::employment|foreign_worker::property_magnitude|housing::savings_status,duration::employment|foreign_worker::property_magnitude|housing::savings_status,credit_history::housing|employment::foreign_worker|foreign_worker::purpose|housing::num_dependents|housing::purpose|personal_status::purpose,,duration::employment|foreign_worker::property_magnitude|housing::savings_status,,credit_history::housing|employment::foreign_worker|foreign_worker::purpose|housing::num_dependents|housing::purpose|personal_status::purpose,credit_history::duration|credit_history::housing|credit_history::installment_commitment|credit_history::own_telephone|credit_history::personal_status|credit_history::property_magnitude|credit_history::purpose|employment::housing|employment::purpose|existing_credits::housing|housing::installment_commitment|housing::own_telephone|housing::property_magnitude|housing::purpose|installment_commitment::own_telephone|installment_commitment::personal_status|installment_commitment::purpose|own_telephone::purpose|personal_status::purpose,0.1077406944389866,0.0483298524745986,0.0263094365370452,6,0.0,0.0,0.0,0,0.0,0.0,0.0,1.0,0.6479325572059413,0.6035466319163215,0.5789843436370935,0.5202312138728323,0.6479325572059413,0.6035466319163215,0.5789843436370935,0.5202312138728323,0.0,0.0,0.0,0.0,0.7608390204737054,0.7159933655643037,0.6479325572059413,0.6035466319163215,0.6377960658370132,0.6077881609478923,0.6618827780008029,0.6275029108875159,0.0,True,True,114.2492946998682
realx_benchmark_v1,agnam_realx_semisynthetic_v1,COMPLETE,realx_31_r04_null,31,credit-g,mixed,4,null,0.0,1000,20,0.475,0.4999999999997452,600,200,200,800,26131261,26131271,26131281,0,19,19,checking_status::job|housing::property_magnitude|other_parties::personal_status,,,,,,,age::existing_credits|age::personal_status|checking_status::existing_credits|existing_credits::foreign_worker|existing_credits::job|existing_credits::personal_status|existing_credits::property_magnitude|existing_credits::purpose|existing_credits::residence_since|installment_commitment::residence_since|job::purpose|job::residence_since|other_parties::residence_since|personal_status::property_magnitude|personal_status::purpose|personal_status::residence_since|property_magnitude::purpose|property_magnitude::residence_since|purpose::residence_since,0.0454818454818454,,,0,,,,0,,,,,0.7004215174628664,0.6908084076254724,0.6540545965475713,0.6349206349206349,0.7004215174628664,0.6908084076254724,0.6540545965475713,0.6349206349206349,0.0,0.0,0.0,0.0,0.7004215174628664,0.6908084076254724,0.7004215174628664,0.6908084076254724,0.7004215174628664,0.6908084076254724,0.7179847450822964,0.7077453769556972,0.0,True,True,106.6728240000084
realx_benchmark_v1,agnam_realx_semisynthetic_v1,COMPLETE,realx_31_r04_weak,31,credit-g,mixed,4,weak,0.5,1000,20,0.483,0.4999999999992188,600,200,200,800,26131261,26131271,26131281,3,19,19,checking_status::job|housing::property_magnitude|other_parties::personal_status,checking_status::job|housing::property_magnitude|other_parties::personal_status,employment::foreign_worker|foreign_worker::own_telephone,employment::foreign_worker,checking_status::job|housing::property_magnitude|other_parties::personal_status,residence_since::savings_status,employment::foreign_worker|foreign_worker::own_telephone,checking_status::purpose|credit_amount::job|credit_history::purpose|credit_history::residence_since|existing_credits::purpose|existing_credits::residence_since|housing::residence_since|installment_commitment::residence_since|job::purpose|job::residence_since|num_dependents::own_telephone|other_parties::residence_since|own_telephone::property_magnitude|personal_status::purpose|personal_status::residence_since|property_magnitude::purpose|property_magnitude::residence_since|purpose::residence_since|residence_since::savings_status,0.057872891990539,0.0190732528976121,0.0037299200050014,2,0.0,0.0,0.0,1,0.0,0.0,0.0,0.5,0.7112401161044941,0.7012913493653465,0.6742568311480333,0.6596858638743456,0.7135421879691722,0.7024652090876609,0.674857371634471,0.6666666666666666,0.0023020718646781,0.0011738597223143,0.0006005404864377,0.006980802792321,0.7998198378540686,0.7904232713410126,0.7133420078070264,0.7044276160437402,0.7213492142928636,0.7038373392174715,0.7407666900210189,0.7312643331494921,0.0,True,True,106.5827508000657
realx_benchmark_v1,agnam_realx_semisynthetic_v1,COMPLETE,realx_31_r04_moderate,31,credit-g,mixed,4,moderate,1.0,1000,20,0.494,0.4999999999993841,600,200,200,800,26131261,26131271,26131281,3,19,19,checking_status::job|housing::property_magnitude|other_parties::personal_status,checking_status::job|housing::property_magnitude|other_parties::personal_status,duration::residence_since|existing_credits::other_payment_plans,,checking_status::job|housing::property_magnitude|other_parties::personal_status,,duration::residence_since|existing_credits::other_payment_plans,checking_status::existing_credits|employment::existing_credits|employment::residence_since|existing_credits::foreign_worker|existing_credits::job|existing_credits::other_parties|existing_credits::other_payment_plans|existing_credits::personal_status|existing_credits::property_magnitude|existing_credits::purpose|existing_credits::residence_since|installment_commitment::residence_since|job::purpose|job::residence_since|other_parties::residence_since|personal_status::purpose|personal_status::residence_since|property_magnitude::residence_since|purpose::residence_since,0.0620325874002344,0.0370832817874496,0.0346723047401534,2,0.0,0.0,0.0,0,0.0,0.0,0.0,1.0,0.7446915064102563,0.7397317566256763,0.6666666666666667,0.6292134831460674,0.7446915064102563,0.7397317566256763,0.6666666666666667,0.6292134831460674,0.0,0.0,0.0,0.0,0.7974759615384616,0.7971362212774102,0.7446915064102563,0.7397317566256763,0.747295673076923,0.7425789141429116,0.7276642628205128,0.716575254220557,0.0,True,True,124.23382279998624
realx_benchmark_v1,agnam_realx_semisynthetic_v1,COMPLETE,realx_31_r04_strong,31,credit-g,mixed,4,strong,1.5,1000,20,0.491,0.5000000000005608,600,200,200,800,26131261,26131271,26131281,3,19,19,checking_status::job|housing::property_magnitude|other_parties::personal_status,checking_status::job|housing::property_magnitude|other_parties::personal_status,foreign_worker::installment_commitment,,checking_status::job|housing::property_magnitude|other_parties::personal_status,,foreign_worker::installment_commitment,checking_status::purpose|employment::job|employment::residence_since|existing_credits::foreign_worker|existing_credits::job|existing_credits::personal_status|existing_credits::property_magnitude|existing_credits::purpose|existing_credits::residence_since|installment_commitment::residence_since|job::property_magnitude|job::purpose|job::residence_since|other_parties::residence_since|personal_status::purpose|personal_status::residence_since|property_magnitude::purpose|property_magnitude::residence_since|purpose::residence_since,0.0674688515864986,0.0207304529694815,0.0055947758396115,1,0.0,0.0,0.0,0,0.0,0.0,0.0,1.0,0.7264623397435898,0.7227352724943226,0.6478365384615384,0.5660377358490566,0.7264623397435898,0.7227352724943226,0.6478365384615384,0.5660377358490566,0.0,0.0,0.0,0.0,0.8299278846153847,0.8329336681551487,0.7264623397435898,0.7227352724943226,0.684795673076923,0.6935210652224348,0.6871995192307692,0.6689839795440078,0.0,True,True,99.93302679993212
realx_benchmark_v1,agnam_realx_semisynthetic_v1,COMPLETE,realx_31_r05_null,31,credit-g,mixed,5,null,0.0,1000,20,0.495,0.4999999999993715,600,200,200,800,26131361,26131371,26131381,0,19,19,checking_status::other_parties|duration::other_payment_plans|employment::property_magnitude,,age::foreign_worker|foreign_worker::num_dependents,age::foreign_worker,,checking_status::foreign_worker,age::foreign_worker|foreign_worker::num_dependents,age::checking_status|age::credit_history|age::existing_credits|age::foreign_worker|age::job|age::other_payment_plans|age::personal_status|age::property_magnitude|age::purpose|age::savings_status|checking_status::job|existing_credits::job|existing_credits::purpose|job::own_telephone|job::personal_status|job::savings_status|other_payment_plans::savings_status|personal_status::purpose|personal_status::savings_status,0.0792078271561193,,,2,,,,1,,,,0.5,0.6618647458983593,0.6036740950911137,0.6410564225690276,0.6538461538461539,0.6610644257703082,0.6030538247344082,0.6179471788715486,0.6607929515418502,-0.000800320128051,-0.0006202703567055,-0.023109243697479,0.0069467976956963,0.6618647458983593,0.6036740950911137,0.6636654661864746,0.6069411260806943,0.6533613445378151,0.5863395501549818,0.6327531012404962,0.5755570134059876,0.0,True,True,144.37791780009866
realx_benchmark_v1,agnam_realx_semisynthetic_v1,COMPLETE,realx_31_r05_weak,31,credit-g,mixed,5,weak,0.5,1000,20,0.503,0.5000000000009123,600,200,200,800,26131361,26131371,26131381,3,19,19,checking_status::other_parties|duration::other_payment_plans|employment::property_magnitude,checking_status::other_parties|duration::other_payment_plans|employment::property_magnitude,other_payment_plans::own_telephone,,checking_status::other_parties|duration::other_payment_plans|employment::property_magnitude,,other_payment_plans::own_telephone,age::own_telephone|age::savings_status|checking_status::own_telephone|credit_amount::own_telephone|duration::foreign_worker|duration::own_telephone|duration::residence_since|existing_credits::own_telephone|job::own_telephone|job::savings_status|num_dependents::own_telephone|num_dependents::residence_since|other_parties::own_telephone|other_payment_plans::own_telephone|other_payment_plans::residence_since|other_payment_plans::savings_status|own_telephone::purpose|own_telephone::residence_since|own_telephone::savings_status,0.070383229868524,0.0427192812090908,0.0560361770069525,1,0.0,0.0,0.0,0,0.0,0.0,0.0,1.0,0.6331000000000001,0.5933220836327093,0.585,0.6311111111111111,0.6331000000000001,0.5933220836327093,0.585,0.6311111111111111,0.0,0.0,0.0,0.0,0.6479,0.6494855955839183,0.6331000000000001,0.5933220836327093,0.6025,0.5856746277232334,0.6199999999999999,0.5876262944722088,0.0,True,True,108.0757101001218
realx_benchmark_v1,agnam_realx_semisynthetic_v1,COMPLETE,realx_31_r05_moderate,31,credit-g,mixed,5,moderate,1.0,1000,20,0.506,0.5000000000002267,600,200,200,800,26131361,26131371,26131381,3,19,19,checking_status::other_parties|duration::other_payment_plans|employment::property_magnitude,checking_status::other_parties|duration::other_payment_plans|employment::property_magnitude,age::other_payment_plans,,checking_status::other_parties|duration::other_payment_plans|employment::property_magnitude,,age::other_payment_plans,age::credit_amount|age::duration|age::employment|age::existing_credits|age::foreign_worker|age::housing|age::num_dependents|age::own_telephone|age::savings_status|credit_amount::existing_credits|credit_amount::housing|credit_amount::residence_since|duration::foreign_worker|duration::residence_since|existing_credits::own_telephone|existing_credits::personal_status|housing::personal_status|num_dependents::residence_since|other_payment_plans::residence_since,0.0490803303303303,0.0354561747360564,0.0301087924487248,1,0.0,0.0,0.0,0,0.0,0.0,0.0,1.0,0.5948594859485948,0.5761077494047245,0.5517551755175518,0.6153846153846154,0.5948594859485948,0.5761077494047245,0.5517551755175518,0.6153846153846154,0.0,0.0,0.0,0.0,0.7031703170317031,0.7038940170247573,0.5948594859485948,0.5761077494047245,0.5970597059705971,0.5782985950247037,0.603060306030603,0.5805804860821863,0.0,True,True,99.2551641999744
realx_benchmark_v1,agnam_realx_semisynthetic_v1,COMPLETE,realx_31_r05_strong,31,credit-g,mixed,5,strong,1.5,1000,20,0.516,0.4999999999995199,600,200,200,800,26131361,26131371,26131381,3,19,19,checking_status::other_parties|duration::other_payment_plans|employment::property_magnitude,checking_status::other_parties|duration::other_payment_plans|employment::property_magnitude,age::other_payment_plans|other_payment_plans::own_telephone|own_telephone::savings_status,,checking_status::other_parties|duration::other_payment_plans|employment::property_magnitude,,age::other_payment_plans|other_payment_plans::own_telephone|own_telephone::savings_status,age::checking_status|age::job|age::other_payment_plans|age::savings_status|checking_status::job|duration::job|duration::own_telephone|duration::savings_status|foreign_worker::own_telephone|housing::savings_status|job::own_telephone|job::personal_status|job::purpose|job::savings_status|other_payment_plans::own_telephone|other_payment_plans::savings_status|own_telephone::purpose|own_telephone::savings_status|purpose::savings_status,0.0515135915135915,0.0250270215751653,0.0083441047271581,3,0.0,0.0,0.0,0,0.0,0.0,0.0,1.0,0.6046418567426971,0.5955650180871322,0.5754301720688275,0.6612903225806451,0.6046418567426971,0.5955650180871322,0.5754301720688275,0.6612903225806451,0.0,0.0,0.0,0.0,0.7304921968787514,0.7536584903363257,0.6046418567426971,0.5955650180871322,0.6024409763905563,0.5983506751854282,0.57703081232493,0.5832043018908755,0.0,True,True,99.65027120010927
realx_benchmark_v1,agnam_realx_semisynthetic_v1,COMPLETE,realx_7592_r01_null,7592,adult,mixed,1,null,0.0,5000,14,0.489,0.5000000000006671,3000,1000,1000,4000,26140961,26140971,26140981,0,13,13,education-num::marital-status|native-country::workclass|occupation::sex,,capital-gain::fnlwgt|capital-loss::fnlwgt|education::fnlwgt|fnlwgt::hours-per-week|fnlwgt::marital-status|fnlwgt::race|fnlwgt::sex|hours-per-week::relationship|hours-per-week::workclass,fnlwgt::race|fnlwgt::sex,,age::marital-status|education-num::fnlwgt,capital-gain::fnlwgt|capital-loss::fnlwgt|education::fnlwgt|fnlwgt::hours-per-week|fnlwgt::marital-status|fnlwgt::race|fnlwgt::sex|hours-per-week::relationship|hours-per-week::workclass,age::fnlwgt|age::hours-per-week|capital-gain::fnlwgt|capital-gain::hours-per-week|capital-loss::fnlwgt|education::fnlwgt|education::hours-per-week|fnlwgt::hours-per-week|fnlwgt::marital-status|fnlwgt::occupation|fnlwgt::race|fnlwgt::sex|fnlwgt::workclass,0.222011010728402,,,9,,,,2,,,,0.7777777777777778,0.6619038285378274,0.6724218729770113,0.5926933369601306,0.6330935251798561,0.6601277645995256,0.6738034750843418,0.5919013084471041,0.5836734693877551,-0.0017760639383017,0.0013816021073305,-0.0007920285130265,-0.0494200557921009,0.6619038285378274,0.672423884010412,0.6591717301822866,0.6727086581002776,0.6588717193818977,0.6714586299507243,0.6582796980691304,0.6704501523247409,0.0,True,True,297.80272620008327
realx_benchmark_v1,agnam_realx_semisynthetic_v1,COMPLETE,realx_7592_r01_weak,7592,adult,mixed,1,weak,0.5,5000,14,0.4966,0.4999999999999503,3000,1000,1000,4000,26140961,26140971,26140981,3,13,13,education-num::marital-status|native-country::workclass|occupation::sex,education-num::marital-status|native-country::workclass|occupation::sex,age::fnlwgt|capital-gain::fnlwgt|capital-loss::fnlwgt|education::fnlwgt|education-num::fnlwgt|fnlwgt::hours-per-week|fnlwgt::marital-status|fnlwgt::native-country|fnlwgt::race|fnlwgt::relationship|fnlwgt::sex|native-country::workclass,education-num::fnlwgt,education-num::marital-status|native-country::workclass|occupation::sex,education-num::fnlwgt,age::fnlwgt|capital-gain::fnlwgt|capital-loss::fnlwgt|education::fnlwgt|education-num::fnlwgt|fnlwgt::hours-per-week|fnlwgt::marital-status|fnlwgt::native-country|fnlwgt::race|fnlwgt::relationship|fnlwgt::sex|native-country::workclass,age::fnlwgt|age::native-country|capital-gain::fnlwgt|capital-loss::fnlwgt|education-num::fnlwgt|fnlwgt::hours-per-week|fnlwgt::marital-status|fnlwgt::native-country|fnlwgt::occupation|fnlwgt::race|fnlwgt::relationship|fnlwgt::sex|native-country::workclass,0.3037981647134965,0.1395297042074566,0.1425300710144446,12,0.0833333333333333,0.3333333333333333,0.1333333333333333,1,0.0,0.0,0.0,0.9090909090909092,0.6562444977991198,0.6713251492176223,0.5928371348539416,0.5793814432989691,0.6524569827931174,0.6666281933870526,0.5871348539415766,0.5890547263681593,-0.0037875150060023,-0.0046969558305697,-0.005702280912365,0.0096732830691901,0.6789595838335335,0.6969802051124812,0.6524569827931174,0.6666281933870526,0.658563425370148,0.6758689692934683,0.6636094437775111,0.6816387589115851,0.0,True,True,321.7089732000604
realx_benchmark_v1,agnam_realx_semisynthetic_v1,COMPLETE,realx_7592_r01_moderate,7592,adult,mixed,1,moderate,1.0,5000,14,0.4962,0.5000000000009764,3000,1000,1000,4000,26140961,26140971,26140981,3,13,13,education-num::marital-status|native-country::workclass|occupation::sex,education-num::marital-status|native-country::workclass|occupation::sex,capital-gain::fnlwgt|education::marital-status|education::sex|fnlwgt::sex|hours-per-week::workclass|occupation::sex,education::marital-status|education::sex|fnlwgt::sex|occupation::sex,education-num::marital-status|native-country::workclass|occupation::sex,age::marital-status|capital-loss::occupation|education::hours-per-week|education-num::fnlwgt,capital-gain::fnlwgt|education::marital-status|education::sex|fnlwgt::sex|hours-per-week::workclass|occupation::sex,age::fnlwgt|capital-gain::fnlwgt|education::fnlwgt|education::marital-status|education::native-country|education::occupation|education::relationship|education::workclass|education-num::relationship|fnlwgt::native-country|fnlwgt::sex|hours-per-week::workclass|occupation::sex,0.160494071146245,0.3731402625753807,0.3685613994241618,6,0.1666666666666666,0.3333333333333333,0.2222222222222222,4,0.25,0.3333333333333333,0.2857142857142857,0.4,0.6348754220607769,0.6415057950620908,0.57664303659727,0.6232142857142857,0.7171952761197613,0.7243573137982307,0.6487894256772975,0.6263269639065817,0.0823198540589844,0.0828515187361398,0.0721463890800274,0.0031126781922959,0.7231161287225361,0.7275849555757231,0.6332671904754283,0.6415229094144606,0.7212878654526252,0.7223443908424132,0.7142668544270374,0.7231281011065552,0.0,True,True,323.3738676998764
realx_benchmark_v1,agnam_realx_semisynthetic_v1,COMPLETE,realx_7592_r01_strong,7592,adult,mixed,1,strong,1.5,5000,14,0.4964,0.4999999999998054,3000,1000,1000,4000,26140961,26140971,26140981,3,13,13,education-num::marital-status|native-country::workclass|occupation::sex,education-num::marital-status|native-country::workclass|occupation::sex,education::marital-status|education::native-country|education::occupation|education::relationship|education::sex|marital-status::native-country|marital-status::sex|marital-status::workclass|native-country::sex|native-country::workclass|occupation::sex,education::marital-status|education::relationship|education::sex|native-country::workclass|occupation::sex,education-num::marital-status|native-country::workclass|occupation::sex,age::marital-status|capital-loss::occupation|capital-loss::workclass|education::fnlwgt|education::hours-per-week,education::marital-status|education::native-country|education::occupation|education::relationship|education::sex|marital-status::native-country|marital-status::sex|marital-status::workclass|native-country::sex|native-country::workclass|occupation::sex,education::marital-status|education::relationship|education::sex|education::workclass|education-num::marital-status|fnlwgt::hours-per-week|marital-status::occupation|marital-status::sex|marital-status::workclass|native-country::workclass|occupation::sex|occupation::workclass|relationship::sex,0.3183739652160705,0.4237227273310486,0.1751843163945986,11,0.1818181818181818,0.6666666666666666,0.2857142857142857,5,0.4,0.6666666666666666,0.5,0.6666666666666666,0.6219459013966737,0.617792416858282,0.5679213125772651,0.6027649769585254,0.7793807586286912,0.7749472517134386,0.7058583482362544,0.711764705882353,0.1574348572320174,0.1571548348551565,0.1379370356589893,0.1089997289238275,0.7758280623002108,0.7747973689031502,0.6148005008981761,0.6040143095505548,0.7714592060043769,0.7663599384535095,0.7824933687002653,0.7716786296871645,0.0,True,True,414.91010249988176
realx_benchmark_v1,agnam_realx_semisynthetic_v1,COMPLETE,realx_7592_r02_null,7592,adult,mixed,2,null,0.0,5000,14,0.4992,0.4999999999994388,3000,1000,1000,4000,26141061,26141071,26141081,0,13,13,fnlwgt::race|native-country::relationship|occupation::workclass,,age::capital-gain|age::capital-loss|age::fnlwgt|age::hours-per-week|age::native-country|age::race|age::sex|age::workclass|fnlwgt::hours-per-week|hours-per-week::marital-status|hours-per-week::native-country|hours-per-week::race|hours-per-week::relationship,age::hours-per-week,,marital-status::race,age::capital-gain|age::capital-loss|age::fnlwgt|age::hours-per-week|age::native-country|age::race|age::sex|age::workclass|fnlwgt::hours-per-week|hours-per-week::marital-status|hours-per-week::native-country|hours-per-week::race|hours-per-week::relationship,age::capital-gain|age::capital-loss|age::education|age::fnlwgt|age::hours-per-week|age::native-country|age::race|age::relationship|age::sex|age::workclass|capital-gain::hours-per-week|hours-per-week::native-country|hours-per-week::relationship,0.3282644110275688,,,13,,,,1,,,,0.9230769230769232,0.6766414095928848,0.6766568954877343,0.6379252374605233,0.6299694189602446,0.6733071556372107,0.6728451333026225,0.6362881307764048,0.6225439503619442,-0.0033342539556741,-0.0038117621851118,-0.0016371066841185,-0.0074254685983004,0.6766414095928848,0.6766568954877343,0.6755566763131877,0.6713324454598989,0.6739555939815316,0.6753316505017872,0.6661463149088784,0.6655679043757969,0.0,True,True,624.9144985000603
realx_benchmark_v1,agnam_realx_semisynthetic_v1,COMPLETE,realx_7592_r02_weak,7592,adult,mixed,2,weak,0.5,5000,14,0.5012,0.5000000000006884,3000,1000,1000,4000,26141061,26141071,26141081,3,13,13,fnlwgt::race|native-country::relationship|occupation::workclass,fnlwgt::race|native-country::relationship|occupation::workclass,age::hours-per-week|age::native-country|age::race|age::workclass|capital-gain::hours-per-week|capital-loss::hours-per-week|education-num::hours-per-week|fnlwgt::hours-per-week|hours-per-week::marital-status|hours-per-week::occupation|hours-per-week::race|hours-per-week::sex,age::hours-per-week|age::race,fnlwgt::race|native-country::relationship|occupation::workclass,capital-loss::fnlwgt|marital-status::relationship,age::hours-per-week|age::native-country|age::race|age::workclass|capital-gain::hours-per-week|capital-loss::hours-per-week|education-num::hours-per-week|fnlwgt::hours-per-week|hours-per-week::marital-status|hours-per-week::occupation|hours-per-week::race|hours-per-week::sex,age::fnlwgt|age::hours-per-week|age::marital-status|age::native-country|age::occupation|age::race|capital-loss::hours-per-week|education-num::hours-per-week|fnlwgt::hours-per-week|hours-per-week::marital-status|hours-per-week::race|hours-per-week::relationship|hours-per-week::workclass,0.4258410732714138,0.0503258264157488,0.0092002767880031,12,0.0,0.0,0.0,2,0.0,0.0,0.0,0.8333333333333334,0.6886544169781165,0.70320214237651,0.64627522141973,0.6417759838546923,0.6895637300261578,0.7102174375313227,0.6517270939236257,0.6316894018887723,0.0009093130480413,0.0070152951548126,0.0054518725038956,-0.0100865819659199,0.7030992753536106,0.720029616024404,0.6860105993053969,0.7018760503904071,0.6764207515652602,0.6930301079608466,0.6950115967457008,0.7134003044538879,0.0,True,True,616.9016992999241
realx_benchmark_v1,agnam_realx_semisynthetic_v1,COMPLETE,realx_7592_r02_moderate,7592,adult,mixed,2,moderate,1.0,5000,14,0.4972,0.49999999999954,3000,1000,1000,4000,26141061,26141071,26141081,3,13,13,fnlwgt::race|native-country::relationship|occupation::workclass,fnlwgt::race|native-country::relationship|occupation::workclass,age::education-num|age::hours-per-week|age::marital-status|age::native-country|age::occupation|age::sex|age::workclass|education-num::hours-per-week|hours-per-week::race|hours-per-week::workclass,hours-per-week::race,fnlwgt::race|native-country::relationship|occupation::workclass,marital-status::race,age::education-num|age::hours-per-week|age::marital-status|age::native-country|age::occupation|age::sex|age::workclass|education-num::hours-per-week|hours-per-week::race|hours-per-week::workclass,age::education|age::hours-per-week|age::marital-status|age::native-country|age::occupation|age::sex|fnlwgt::hours-per-week|fnlwgt::marital-status|fnlwgt::race|fnlwgt::relationship|fnlwgt::sex|hours-per-week::race|hours-per-week::workclass,0.237401111474338,0.1795312864760175,0.2067803844905045,10,0.0,0.0,0.0,1,0.0,0.0,0.0,0.9,0.6837904658270791,0.6792253351289795,0.6379758685250676,0.6697163769441903,0.6831223696212254,0.6768882250178474,0.6403562112944264,0.6319018404907976,-0.0006680962058537,-0.0023371101111321,0.0023803427693588,-0.0378145364533927,0.7393904722280008,0.7291212094731712,0.6856027267926581,0.6789571147202554,0.6693563873197741,0.670712762984712,0.6816941639596101,0.6899228157061392,0.0,True,True,556.1705975001678
realx_benchmark_v1,agnam_realx_semisynthetic_v1,COMPLETE,realx_7592_r02_strong,7592,adult,mixed,2,strong,1.5,5000,14,0.4976,0.5000000000000948,3000,1000,1000,4000,26141061,26141071,26141081,3,13,13,fnlwgt::race|native-country::relationship|occupation::workclass,fnlwgt::race|native-country::relationship|occupation::workclass,fnlwgt::hours-per-week|fnlwgt::occupation|fnlwgt::race|fnlwgt::workclass|hours-per-week::workclass|native-country::relationship|occupation::race|occupation::workclass,fnlwgt::race|native-country::relationship|occupation::workclass,fnlwgt::race|native-country::relationship|occupation::workclass,capital-gain::fnlwgt|education-num::native-country|marital-status::occupation,fnlwgt::hours-per-week|fnlwgt::occupation|fnlwgt::race|fnlwgt::workclass|hours-per-week::workclass|native-country::relationship|occupation::race|occupation::workclass,age::hours-per-week|age::marital-status|age::native-country|age::occupation|age::race|age::workclass|education::workclass|education-num::workclass|fnlwgt::race|fnlwgt::workclass|hours-per-week::marital-status|occupation::workclass|race::workclass,0.2265004903563256,0.6234728234728235,0.1672601591830485,8,0.375,1.0,0.5454545454545454,3,1.0,1.0,1.0,1.0,0.6615066211910138,0.6693256357928787,0.6220236665545789,0.6544117647058824,0.7548518038141904,0.7543432653366643,0.6811700373092504,0.6850937808489634,0.0933451826231765,0.0850176295437855,0.0591463707546715,0.030682016143081,0.7548518038141904,0.7543432653366643,0.6662103088821636,0.6560761768002934,0.7536228403068006,0.7490214899085442,0.7354285760035868,0.7383338070966816,0.0,True,True,591.1321218998637
realx_benchmark_v1,agnam_realx_semisynthetic_v1,COMPLETE,realx_7592_r03_null,7592,adult,mixed,3,null,0.0,5000,14,0.5082,0.4999999999991447,3000,1000,1000,4000,26141161,26141171,26141181,0,13,13,education::relationship|fnlwgt::hours-per-week|marital-status::native-country,,education::fnlwgt|fnlwgt::sex,education::fnlwgt,,capital-loss::education-num,education::fnlwgt|fnlwgt::sex,age::education|age::fnlwgt|age::marital-status|age::occupation|age::relationship|education::fnlwgt|education::marital-status|education::relationship|education-num::fnlwgt|fnlwgt::marital-status|fnlwgt::occupation|marital-status::occupation|marital-status::relationship,0.0812166384340297,,,2,,,,1,,,,0.5,0.7287320000000002,0.7093545397197774,0.652,0.6581532416502947,0.721004,0.7087279608425039,0.65,0.691358024691358,-0.0077280000000001,-0.0006265788772734,-0.002,0.0332047830410633,0.7287320000000002,0.7093545397197774,0.728996,0.7097657085175878,0.724612,0.7076016187155291,0.7291679999999999,0.7073753294747092,0.0,True,True,221.601297599962
realx_benchmark_v1,agnam_realx_semisynthetic_v1,COMPLETE,realx_7592_r03_weak,7592,adult,mixed,3,weak,0.5,5000,14,0.5062,0.5000000000009888,3000,1000,1000,4000,26141161,26141171,26141181,3,13,13,education::relationship|fnlwgt::hours-per-week|marital-status::native-country,education::relationship|fnlwgt::hours-per-week|marital-status::native-country,,,education::relationship|fnlwgt::hours-per-week|marital-status::native-country,,,age::marital-status|capital-gain::hours-per-week|capital-gain::marital-status|education::hours-per-week|education::marital-status|education-num::hours-per-week|education-num::marital-status|education-num::race|hours-per-week::marital-status|marital-status::native-country|marital-status::occupation|marital-status::race|marital-status::sex,0.0453333333333333,0.0507177305394158,0.0173062050225884,0,0.0,0.0,0.0,0,0.0,0.0,0.0,,0.7269795413714044,0.7273624497246375,0.6515571045018587,0.713216957605985,0.7269795413714044,0.7273624497246375,0.6515571045018587,0.713216957605985,0.0,0.0,0.0,0.0,0.7292202673666268,0.7281919156753016,0.7269795413714044,0.7273624497246375,0.7269795413714044,0.7273624497246375,0.7294283347804688,0.7268882544485531,0.0,True,True,210.58247410017063
realx_benchmark_v1,agnam_realx_semisynthetic_v1,COMPLETE,realx_7592_r03_moderate,7592,adult,mixed,3,moderate,1.0,5000,14,0.508,0.4999999999993567,3000,1000,1000,4000,26141161,26141171,26141181,3,13,13,education::relationship|fnlwgt::hours-per-week|marital-status::native-country,education::relationship|fnlwgt::hours-per-week|marital-status::native-country,education::marital-status|education::relationship|education-num::marital-status|education-num::relationship,education::marital-status|education::relationship,education::relationship|fnlwgt::hours-per-week|marital-status::native-country,capital-loss::education-num|hours-per-week::relationship,education::marital-status|education::relationship|education-num::marital-status|education-num::relationship,capital-gain::education-num|capital-loss::education-num|education::education-num|education::marital-status|education::native-country|education::relationship|education-num::fnlwgt|education-num::marital-status|education-num::race|education-num::relationship|education-num::sex|marital-status::native-country|native-country::sex,0.2120609824957651,0.2311839618730375,0.1412511113128305,4,0.25,0.3333333333333333,0.2857142857142857,2,0.5,0.3333333333333333,0.4,0.6666666666666666,0.7147309212526604,0.7059120602857618,0.6512577811204814,0.6990459670424979,0.7447832487878254,0.718317695274781,0.6620913411531261,0.6303162486368593,0.030052327535165,0.0124056349890191,0.0108335600326446,-0.0687297184056385,0.7493519066745612,0.7217973934870396,0.7141708406010465,0.7057994799417683,0.7466555183946488,0.7197210044179526,0.7476276583828071,0.7198309973853121,0.0,True,True,326.67116230004467
realx_benchmark_v1,agnam_realx_semisynthetic_v1,COMPLETE,realx_7592_r03_strong,7592,adult,mixed,3,strong,1.5,5000,14,0.506,0.4999999999991456,3000,1000,1000,4000,26141161,26141171,26141181,3,13,13,education::relationship|fnlwgt::hours-per-week|marital-status::native-country,education::relationship|fnlwgt::hours-per-week|marital-status::native-country,education::marital-status|education::relationship|education-num::fnlwgt|education-num::marital-status|education-num::relationship|education-num::sex|fnlwgt::relationship|occupation::relationship,education::marital-status|education::relationship|education-num::fnlwgt|education-num::relationship,education::relationship|fnlwgt::hours-per-week|marital-status::native-country,age::capital-gain|age::workclass|capital-gain::education-num|capital-gain::relationship,education::marital-status|education::relationship|education-num::fnlwgt|education-num::marital-status|education-num::relationship|education-num::sex|fnlwgt::relationship|occupation::relationship,capital-gain::marital-status|capital-loss::marital-status|education::fnlwgt|education::marital-status|education::relationship|education-num::fnlwgt|education-num::marital-status|education-num::native-country|education-num::relationship|fnlwgt::marital-status|hours-per-week::marital-status|marital-status::occupation|marital-status::sex,0.2296691333075772,0.1677692192544718,0.0684215369481767,8,0.125,0.3333333333333333,0.1818181818181818,4,0.25,0.3333333333333333,0.2857142857142857,0.5714285714285714,0.6898321175777824,0.6962951417597728,0.6298935663097512,0.676678445229682,0.7501952819871894,0.7365091659258085,0.6716538681856601,0.6639511201629328,0.060363164409407,0.0402140241660357,0.0417603018759088,-0.0127273250667492,0.7713618465063551,0.7643442309860163,0.691113968570616,0.6996328310322606,0.7442747327140391,0.7321519746305666,0.7425842917172396,0.7325454562035306,0.0,True,True,353.654066799907
realx_benchmark_v1,agnam_realx_semisynthetic_v1,COMPLETE,realx_7592_r04_null,7592,adult,mixed,4,null,0.0,5000,14,0.5024,0.4999999999998054,3000,1000,1000,4000,26141261,26141271,26141281,0,13,13,fnlwgt::marital-status|native-country::race|occupation::sex,,hours-per-week::marital-status|hours-per-week::native-country|hours-per-week::sex|hours-per-week::workclass|marital-status::native-country|marital-status::sex|native-country::race,,,,hours-per-week::marital-status|hours-per-week::native-country|hours-per-week::sex|hours-per-week::workclass|marital-status::native-country|marital-status::sex|native-country::race,age::education-num|capital-loss::education-num|education::education-num|education::marital-status|education::native-country|education::occupation|education-num::marital-status|education-num::native-country|education-num::sex|marital-status::native-country|marital-status::sex|native-country::relationship|relationship::sex,0.1435481094039446,,,7,,,,0,,,,1.0,0.7198628794515178,0.7142073255669096,0.6630086520346081,0.6640079760717846,0.7198628794515178,0.7142073255669096,0.6630086520346081,0.6640079760717846,0.0,0.0,0.0,0.0,0.7198628794515178,0.7142073255669096,0.7198628794515178,0.7142073255669096,0.71812287249149,0.7116293970096002,0.7106508426033704,0.7027092837822464,0.0,True,True,304.5810725998599
realx_benchmark_v1,agnam_realx_semisynthetic_v1,COMPLETE,realx_7592_r04_weak,7592,adult,mixed,4,weak,0.5,5000,14,0.5004,0.4999999999997555,3000,1000,1000,4000,26141261,26141271,26141281,3,13,13,fnlwgt::marital-status|native-country::race|occupation::sex,fnlwgt::marital-status|native-country::race|occupation::sex,hours-per-week::native-country,,fnlwgt::marital-status|native-country::race|occupation::sex,,hours-per-week::native-country,age::workclass|education::workclass|fnlwgt::marital-status|fnlwgt::relationship|fnlwgt::workclass|hours-per-week::native-country|hours-per-week::relationship|hours-per-week::workclass|marital-status::workclass|native-country::workclass|occupation::workclass|race::workclass|relationship::workclass,0.0931731601731601,0.1608710572205877,0.1419597694254716,1,0.0,0.0,0.0,0,0.0,0.0,0.0,1.0,0.7068428273713094,0.6951625825404861,0.6529326117304469,0.6404145077720207,0.7068428273713094,0.6951625825404861,0.6529326117304469,0.6404145077720207,0.0,0.0,0.0,0.0,0.7078988315953263,0.6991747463530206,0.7068428273713094,0.6951625825404861,0.7020068080272321,0.6840108101973693,0.702066808267233,0.6850508244122951,0.0,True,True,317.0913956000004
realx_benchmark_v1,agnam_realx_semisynthetic_v1,COMPLETE,realx_7592_r04_moderate,7592,adult,mixed,4,moderate,1.0,5000,14,0.5002,0.5000000000009668,3000,1000,1000,4000,26141261,26141271,26141281,3,13,13,fnlwgt::marital-status|native-country::race|occupation::sex,fnlwgt::marital-status|native-country::race|occupation::sex,age::sex|capital-gain::sex|capital-loss::sex|education::sex|education-num::sex|fnlwgt::marital-status|fnlwgt::sex|marital-status::sex|native-country::sex|occupation::race|occupation::sex|race::sex|relationship::sex,age::sex|capital-gain::sex|capital-loss::sex|fnlwgt::marital-status|marital-status::sex|occupation::sex,fnlwgt::marital-status|native-country::race|occupation::sex,age::capital-loss|age::education|capital-loss::native-country|capital-loss::sex|education::hours-per-week|education::marital-status,age::sex|capital-gain::sex|capital-loss::sex|education::sex|education-num::sex|fnlwgt::marital-status|fnlwgt::sex|marital-status::sex|native-country::sex|occupation::race|occupation::sex|race::sex|relationship::sex,age::sex|capital-gain::sex|capital-loss::sex|education::sex|education-num::sex|fnlwgt::sex|hours-per-week::occupation|hours-per-week::relationship|marital-status::sex|occupation::sex|occupation::workclass|race::sex|relationship::sex,0.3721136173767753,0.3513414820473644,0.1085121258231663,13,0.1538461538461538,0.6666666666666666,0.25,6,0.3333333333333333,0.6666666666666666,0.4444444444444444,0.6363636363636364,0.6920947683790736,0.6747551318724666,0.647064588258353,0.6357069143446853,0.7213948855795423,0.7196947775082871,0.6720146880587523,0.670020120724346,0.0293001172004687,0.0449396456358205,0.0249500998003993,0.0343132063796607,0.7311789247156989,0.7328531824491239,0.6917227668910676,0.6714529144878343,0.7179788719154877,0.7118890389186286,0.7137188548754194,0.7077426229119295,0.0,True,True,464.4031149998773
realx_benchmark_v1,agnam_realx_semisynthetic_v1,COMPLETE,realx_7592_r04_strong,7592,adult,mixed,4,strong,1.5,5000,14,0.5048,0.4999999999996602,3000,1000,1000,4000,26141261,26141271,26141281,3,13,13,fnlwgt::marital-status|native-country::race|occupation::sex,fnlwgt::marital-status|native-country::race|occupation::sex,age::sex|education::sex|education-num::sex|fnlwgt::occupation|fnlwgt::sex|hours-per-week::sex|marital-status::sex|native-country::sex|occupation::sex|race::sex|sex::workclass,education::sex|fnlwgt::sex|occupation::sex|sex::workclass,fnlwgt::marital-status|native-country::race|occupation::sex,age::capital-loss|education::native-country|education::occupation|hours-per-week::sex,age::sex|education::sex|education-num::sex|fnlwgt::occupation|fnlwgt::sex|hours-per-week::sex|marital-status::sex|native-country::sex|occupation::sex|race::sex|sex::workclass,age::sex|capital-gain::occupation|capital-loss::occupation|education::sex|fnlwgt::occupation|fnlwgt::relationship|hours-per-week::occupation|hours-per-week::relationship|marital-status::sex|native-country::sex|occupation::sex|race::sex|relationship::sex,0.3121834890255942,0.2850699750281961,0.1164039784662716,11,0.0909090909090909,0.3333333333333333,0.1428571428571428,4,0.25,0.3333333333333333,0.2857142857142857,0.7,0.6791331100895776,0.6697867143299077,0.6264707882745018,0.667262969588551,0.7373285163892123,0.740656489257981,0.6788730591195875,0.7064220183486238,0.0581954062996347,0.0708697749280733,0.0524022708450857,0.0391590487600728,0.7593928409968353,0.7788720556564169,0.6647462902728936,0.6524068769983199,0.7254741929418166,0.7304764933607519,0.7405931562586268,0.7481844276631378,0.0,True,True,461.111234900076
realx_benchmark_v1,agnam_realx_semisynthetic_v1,COMPLETE,realx_7592_r05_null,7592,adult,mixed,5,null,0.0,5000,14,0.4986,0.5000000000003891,3000,1000,1000,4000,26141361,26141371,26141381,0,13,13,age::education|education-num::fnlwgt|hours-per-week::marital-status,,education::race|education-num::hours-per-week|race::relationship,,,,education::race|education-num::hours-per-week|race::relationship,capital-loss::education-num|education::race|education-num::hours-per-week|education-num::race|education-num::sex|marital-status::occupation|marital-status::race|marital-status::relationship|occupation::race|occupation::relationship|race::relationship|relationship::sex|sex::workclass,0.1170223978919631,,,3,,,,0,,,,1.0,0.7123271760201222,0.645522544378619,0.6801334529550298,0.6812313803376365,0.7123271760201222,0.645522544378619,0.6801334529550298,0.6812313803376365,0.0,0.0,0.0,0.0,0.7123271760201222,0.645522544378619,0.7123271760201222,0.645522544378619,0.7089788365721975,0.6407562951155942,0.7142496675691697,0.6557045338095924,0.0,True,True,235.32819889998063
realx_benchmark_v1,agnam_realx_semisynthetic_v1,COMPLETE,realx_7592_r05_weak,7592,adult,mixed,5,weak,0.5,5000,14,0.5042,0.5000000000002336,3000,1000,1000,4000,26141361,26141371,26141381,3,13,13,age::education|education-num::fnlwgt|hours-per-week::marital-status,age::education|education-num::fnlwgt|hours-per-week::marital-status,fnlwgt::race,,age::education|education-num::fnlwgt|hours-per-week::marital-status,,fnlwgt::race,age::workclass|capital-gain::capital-loss|capital-gain::education-num|capital-gain::occupation|capital-gain::race|capital-gain::relationship|capital-loss::workclass|education-num::workclass|fnlwgt::relationship|fnlwgt::sex|occupation::relationship|occupation::workclass|relationship::workclass,0.1038855835240274,0.0738023277480903,0.0285298024188497,1,0.0,0.0,0.0,0,0.0,0.0,0.0,1.0,0.6971177117711772,0.642625496467472,0.6737973797379737,0.6952469711090401,0.6971177117711772,0.642625496467472,0.6737973797379737,0.6952469711090401,0.0,0.0,0.0,0.0,0.6978897889788978,0.6580393184476829,0.6971177117711772,0.642625496467472,0.6976577657765777,0.65315492265883,0.6997819781978197,0.6527834296924382,0.0,True,True,243.98814399982805
realx_benchmark_v1,agnam_realx_semisynthetic_v1,COMPLETE,realx_7592_r05_moderate,7592,adult,mixed,5,moderate,1.0,5000,14,0.5062,0.4999999999997322,3000,1000,1000,4000,26141361,26141371,26141381,3,13,13,age::education|education-num::fnlwgt|hours-per-week::marital-status,age::education|education-num::fnlwgt|hours-per-week::marital-status,age::hours-per-week|capital-gain::hours-per-week|education::fnlwgt|hours-per-week::marital-status|hours-per-week::native-country|hours-per-week::relationship,hours-per-week::marital-status|hours-per-week::relationship,age::education|education-num::fnlwgt|hours-per-week::marital-status,age::sex|education::native-country,age::hours-per-week|capital-gain::hours-per-week|education::fnlwgt|hours-per-week::marital-status|hours-per-week::native-country|hours-per-week::relationship,age::education|age::education-num|age::fnlwgt|age::occupation|age::race|age::relationship|education::fnlwgt|education::hours-per-week|education-num::hours-per-week|fnlwgt::hours-per-week|hours-per-week::marital-status|hours-per-week::native-country|hours-per-week::relationship,0.1909119769119769,0.1905935572174767,0.1266770684925321,6,0.1666666666666666,0.3333333333333333,0.2222222222222222,2,0.5,0.3333333333333333,0.4,0.8,0.6668786802355351,0.6258713389201596,0.6395449308755761,0.6610169491525424,0.6982886904761905,0.6681408849812963,0.6564420122887864,0.6809302325581396,0.0314100102406553,0.0422695460611367,0.0168970814132103,0.0199132834055971,0.7071892601126472,0.6668181599479045,0.6761712749615977,0.6403620535597558,0.7142057091653866,0.7121630706954032,0.7018369175627239,0.6808026622172404,0.0,True,True,467.6281447999645
realx_benchmark_v1,agnam_realx_semisynthetic_v1,COMPLETE,realx_7592_r05_strong,7592,adult,mixed,5,strong,1.5,5000,14,0.5012,0.5000000000003092,3000,1000,1000,4000,26141361,26141371,26141381,3,13,13,age::education|education-num::fnlwgt|hours-per-week::marital-status,age::education|education-num::fnlwgt|hours-per-week::marital-status,age::education|age::hours-per-week|education::fnlwgt|education::hours-per-week|fnlwgt::hours-per-week|hours-per-week::marital-status|hours-per-week::relationship|hours-per-week::workclass,hours-per-week::marital-status|hours-per-week::relationship,age::education|education-num::fnlwgt|hours-per-week::marital-status,age::sex|education::native-country,age::education|age::hours-per-week|education::fnlwgt|education::hours-per-week|fnlwgt::hours-per-week|hours-per-week::marital-status|hours-per-week::relationship|hours-per-week::workclass,age::education-num|age::fnlwgt|age::hours-per-week|capital-gain::fnlwgt|education::hours-per-week|education-num::hours-per-week|fnlwgt::hours-per-week|fnlwgt::sex|hours-per-week::marital-status|hours-per-week::occupation|hours-per-week::relationship|hours-per-week::sex|hours-per-week::workclass,0.3570175438596491,0.3783674843674843,0.1363745961850998,8,0.25,0.6666666666666666,0.3636363636363636,2,0.5,0.3333333333333333,0.4,0.8333333333333334,0.6421043787209525,0.6133863955918648,0.616149734331989,0.6396989651928504,0.6984788105755073,0.6815233175557298,0.6529911657384291,0.6567754698318496,0.0563744318545548,0.068136921963865,0.03684143140644,0.0170765046389992,0.7085133794251328,0.6875463791714278,0.6396037385570706,0.6145629924898544,0.753336854234684,0.7352837288493473,0.6980386979066642,0.6806006265967952,0.0,True,True,528.0438755000941
realx_benchmark_v1,agnam_realx_semisynthetic_v1,COMPLETE,realx_3913_r01_null,3913,kc2,numeric,1,null,0.0,522,21,0.5344827586206896,0.4999999999990883,313,104,105,417,26150961,26150971,26150981,0,20,20,ev(g)::lOComment|n::v(g)|uniq_Opnd::v,,iv(g)::lOCode,,,,iv(g)::lOCode,b::d|b::lOCode|b::lOComment|b::total_Op|b::uniq_Opnd|b::v(g)|branchCount::t|e::lOBlank|e::v(g)|lOBlank::n|lOBlank::t|lOBlank::total_Op|lOBlank::uniq_Opnd|lOBlank::v(g)|lOCode::total_Op|lOCodeAndComment::v(g)|lOComment::total_Op|lOComment::v(g)|t::v(g)|total_Op::total_Opnd,0.0475252580515738,,,1,,,,0,,,,1.0,0.6396462785556374,0.6855252747618598,0.5902726602800294,0.6821705426356589,0.6396462785556374,0.6855252747618598,0.5902726602800294,0.6821705426356589,0.0,0.0,0.0,0.0,0.6396462785556374,0.6855252747618598,0.6396462785556374,0.6855252747618598,0.6392778187177597,0.6859670549858106,0.6260132645541636,0.6885758629251415,0.0,True,True,61.624762900173664
realx_benchmark_v1,agnam_realx_semisynthetic_v1,COMPLETE,realx_3913_r01_weak,3913,kc2,numeric,1,weak,0.5,522,21,0.5306513409961686,0.5000000000001545,313,104,105,417,26150961,26150971,26150981,3,20,20,ev(g)::lOComment|n::v(g)|uniq_Opnd::v,ev(g)::lOComment|n::v(g)|uniq_Opnd::v,b::e|iv(g)::lOCode|lOComment::uniq_Opnd,,ev(g)::lOComment|n::v(g)|uniq_Opnd::v,,b::e|iv(g)::lOCode|lOComment::uniq_Opnd,b::e|b::lOCode|b::uniq_Opnd|b::v(g)|d::v(g)|e::lOCode|e::uniq_Opnd|e::v(g)|lOBlank::n|lOBlank::total_Op|lOBlank::uniq_Opnd|lOBlank::v(g)|lOCode::total_Op|lOCode::v(g)|lOCodeAndComment::v(g)|lOComment::uniq_Opnd|lOComment::v(g)|total_Opnd::v(g)|uniq_Op::v(g)|v::v(g),0.0600441117468981,0.0275270021584353,0.0111890768324997,3,0.0,0.0,0.0,0,0.0,0.0,0.0,1.0,0.6081871345029239,0.6638752536454466,0.5816885964912281,0.6446280991735537,0.6081871345029239,0.6638752536454466,0.5816885964912281,0.6446280991735537,0.0,0.0,0.0,0.0,0.6078216374269005,0.6789941750593538,0.6081871345029239,0.6638752536454466,0.607456140350877,0.6774174628632201,0.6136695906432748,0.6826427979952849,0.0,True,True,67.96386529994197
realx_benchmark_v1,agnam_realx_semisynthetic_v1,COMPLETE,realx_3913_r01_moderate,3913,kc2,numeric,1,moderate,1.0,522,21,0.5153256704980843,0.4999999999997201,313,104,105,417,26150961,26150971,26150981,3,20,20,ev(g)::lOComment|n::v(g)|uniq_Opnd::v,ev(g)::lOComment|n::v(g)|uniq_Opnd::v,,,ev(g)::lOComment|n::v(g)|uniq_Opnd::v,,,b::d|b::lOCode|b::uniq_Opnd|b::v(g)|branchCount::t|d::v(g)|e::uniq_Opnd|e::v(g)|lOBlank::n|lOBlank::total_Op|lOBlank::uniq_Opnd|lOBlank::v(g)|lOCode::v(g)|lOCodeAndComment::v(g)|lOComment::uniq_Opnd|lOComment::v(g)|t::v(g)|total_Opnd::v(g)|uniq_Op::v(g)|v::v(g),0.0345928924876293,0.032452958008359,0.0246956929714616,0,0.0,0.0,0.0,0,0.0,0.0,0.0,,0.5833333333333333,0.5858790778889388,0.5608552631578947,0.6341463414634146,0.5833333333333333,0.5858790778889388,0.5608552631578947,0.6341463414634146,0.0,0.0,0.0,0.0,0.5855263157894736,0.5861623666046816,0.5833333333333333,0.5858790778889388,0.5833333333333333,0.5858790778889388,0.5829678362573099,0.5864488233316563,0.0,True,True,70.22026490001008
realx_benchmark_v1,agnam_realx_semisynthetic_v1,COMPLETE,realx_3913_r01_strong,3913,kc2,numeric,1,strong,1.5,522,21,0.5153256704980843,0.5000000000001388,313,104,105,417,26150961,26150971,26150981,3,20,20,ev(g)::lOComment|n::v(g)|uniq_Opnd::v,ev(g)::lOComment|n::v(g)|uniq_Opnd::v,total_Op::total_Opnd,total_Op::total_Opnd,ev(g)::lOComment|n::v(g)|uniq_Opnd::v,lOComment::uniq_Op,total_Op::total_Opnd,b::d|b::lOCode|b::lOComment|b::total_Op|b::uniq_Opnd|branchCount::lOBlank|branchCount::t|e::lOBlank|e::lOComment|lOBlank::lOComment|lOBlank::n|lOBlank::t|lOBlank::total_Op|lOBlank::v(g)|lOCode::total_Op|lOCodeAndComment::t|lOComment::total_Op|lOComment::total_Opnd|lOComment::v(g)|total_Op::total_Opnd,0.0403058929374718,0.0327515053331797,0.0198665485923611,1,0.0,0.0,0.0,1,0.0,0.0,0.0,0.0,0.6023965141612201,0.6044571100535019,0.5773420479302832,0.6333333333333333,0.6034858387799564,0.6003283752923038,0.5571895424836601,0.6290322580645161,0.0010893246187363,-0.0041287347611981,-0.020152505446623,-0.0043010752688171,0.6002178649237473,0.5986242748160275,0.603122730573711,0.6072852814288177,0.6034858387799564,0.6003283752923038,0.6038489469862018,0.6074067031561261,0.0,True,True,65.13979709986597
realx_benchmark_v1,agnam_realx_semisynthetic_v1,COMPLETE,realx_3913_r02_null,3913,kc2,numeric,2,null,0.0,522,21,0.524904214559387,0.5000000000005478,313,104,105,417,26151061,26151071,26151081,0,20,20,branchCount::lOCodeAndComment|d::ev(g)|v::v(g),,e::i|i::lOCode|i::n|i::uniq_Op,,,,e::i|i::lOCode|i::n|i::uniq_Op,b::i|d::uniq_Op|e::i|i::iv(g)|i::l|i::lOBlank|i::lOCode|i::lOComment|i::loc|i::n|i::t|i::total_Op|i::total_Opnd|i::uniq_Op|l::lOCode|lOCode::total_Opnd|lOCode::uniq_Op|loc::uniq_Op|uniq_Op::uniq_Opnd|uniq_Op::v(g),0.0739457792089371,,,4,,,,0,,,,1.0,0.5451741654571842,0.5671127949351853,0.5322931785195936,0.4731182795698925,0.5451741654571842,0.5671127949351853,0.5322931785195936,0.4731182795698925,0.0,0.0,0.0,0.0,0.5451741654571842,0.5671127949351853,0.5451741654571842,0.5671127949351853,0.5440856313497823,0.5685503096509329,0.545899854862119,0.5662577967924646,0.0,True,True,79.7693595001474
realx_benchmark_v1,agnam_realx_semisynthetic_v1,COMPLETE,realx_3913_r02_weak,3913,kc2,numeric,2,weak,0.5,522,21,0.5268199233716475,0.4999999999998273,313,104,105,417,26151061,26151071,26151081,3,20,20,branchCount::lOCodeAndComment|d::ev(g)|v::v(g),branchCount::lOCodeAndComment|d::ev(g)|v::v(g),ev(g)::lOComment,,branchCount::lOCodeAndComment|d::ev(g)|v::v(g),,ev(g)::lOComment,branchCount::t|e::lOBlank|e::t|e::v(g)|iv(g)::t|iv(g)::uniq_Opnd|l::v(g)|lOBlank::lOComment|lOBlank::n|lOBlank::t|lOBlank::v|lOBlank::v(g)|loc::t|loc::v(g)|n::v(g)|t::total_Op|t::uniq_Op|t::uniq_Opnd|t::v(g)|uniq_Op::v(g),0.0430306535569693,0.0232147931937113,0.0141782585543464,1,0.0,0.0,0.0,0,0.0,0.0,0.0,1.0,0.5241466957153231,0.5153974055948178,0.5016339869281046,0.4347826086956521,0.5241466957153231,0.5153974055948178,0.5016339869281046,0.4347826086956521,0.0,0.0,0.0,0.0,0.5154320987654321,0.5119592775377457,0.5241466957153231,0.5153974055948178,0.5143427741466957,0.5126402405427931,0.5125272331154684,0.5134239497717836,0.0,True,True,83.93874819995835
realx_benchmark_v1,agnam_realx_semisynthetic_v1,COMPLETE,realx_3913_r02_moderate,3913,kc2,numeric,2,moderate,1.0,522,21,0.524904214559387,0.5000000000005168,313,104,105,417,26151061,26151071,26151081,3,20,20,branchCount::lOCodeAndComment|d::ev(g)|v::v(g),branchCount::lOCodeAndComment|d::ev(g)|v::v(g),,,branchCount::lOCodeAndComment|d::ev(g)|v::v(g),,,b::e|b::n|b::uniq_Opnd|b::v(g)|e::lOBlank|iv(g)::t|iv(g)::uniq_Op|iv(g)::uniq_Opnd|iv(g)::v(g)|l::v(g)|lOBlank::n|lOBlank::t|lOBlank::uniq_Opnd|lOBlank::v(g)|lOComment::v(g)|loc::v(g)|n::v(g)|t::uniq_Op|t::v(g)|uniq_Op::v(g),0.0311740890688259,0.02773003463803,0.017331641756477,0,0.0,0.0,0.0,0,0.0,0.0,0.0,,0.5435413642960814,0.5599148765798596,0.5636792452830188,0.4651162790697674,0.5435413642960814,0.5599148765798596,0.5636792452830188,0.4651162790697674,0.0,0.0,0.0,0.0,0.5388243831640058,0.5558457455107483,0.5435413642960814,0.5599148765798596,0.5435413642960814,0.5599148765798596,0.5290275761973875,0.560609460544652,0.0,True,True,63.5039055000525
realx_benchmark_v1,agnam_realx_semisynthetic_v1,COMPLETE,realx_3913_r02_strong,3913,kc2,numeric,2,strong,1.5,522,21,0.5268199233716475,0.4999999999995642,313,104,105,417,26151061,26151071,26151081,3,20,20,branchCount::lOCodeAndComment|d::ev(g)|v::v(g),branchCount::lOCodeAndComment|d::ev(g)|v::v(g),e::i|ev(g)::uniq_Op|ev(g)::uniq_Opnd|t::uniq_Op|t::uniq_Opnd,e::i|ev(g)::uniq_Op|ev(g)::uniq_Opnd,branchCount::lOCodeAndComment|d::ev(g)|v::v(g),b::lOCode|i::total_Op|lOComment::t,e::i|ev(g)::uniq_Op|ev(g)::uniq_Opnd|t::uniq_Op|t::uniq_Opnd,branchCount::t|e::i|e::lOBlank|e::t|ev(g)::t|ev(g)::uniq_Op|iv(g)::t|l::t|l::v(g)|lOBlank::n|lOBlank::t|lOBlank::v(g)|loc::t|n::t|n::v(g)|t::total_Op|t::uniq_Op|t::uniq_Opnd|t::v(g)|uniq_Op::v(g),0.079544178615386,0.0325449222671112,0.0239737080438924,5,0.0,0.0,0.0,3,0.0,0.0,0.0,0.4,0.5108853410740203,0.5549717030624692,0.4664368650217707,0.4509803921568627,0.5203193033381712,0.5620399693009186,0.4570029027576197,0.4466019417475728,0.0094339622641509,0.0070682662384493,-0.0094339622641509,-0.0043784504092899,0.5130624092888245,0.5626797727736101,0.5130624092888243,0.5616364433387508,0.5192307692307692,0.5579077095456708,0.5090711175616836,0.567281192457572,0.0,True,True,67.77538240002468
realx_benchmark_v1,agnam_realx_semisynthetic_v1,COMPLETE,realx_3913_r03_null,3913,kc2,numeric,3,null,0.0,522,21,0.4904214559386973,0.4999999999991779,313,104,105,417,26151161,26151171,26151181,0,20,20,lOBlank::n|lOCodeAndComment::loc|total_Op::total_Opnd,,loc::t|loc::v(g),loc::v(g),,branchCount::total_Opnd,loc::t|loc::v(g),b::uniq_Op|branchCount::d|branchCount::iv(g)|branchCount::uniq_Op|d::lOBlank|d::v|e::uniq_Op|i::lOBlank|i::loc|i::n|i::total_Op|i::total_Opnd|i::uniq_Opnd|i::v|i::v(g)|lOBlank::uniq_Op|lOCodeAndComment::uniq_Op|n::total_Op|t::uniq_Op|uniq_Op::uniq_Opnd,0.0423970529233687,,,2,,,,1,,,,0.5,0.5526124818577648,0.5642297248502134,0.5239477503628447,0.5192307692307693,0.4963715529753265,0.5047692744195338,0.4782293178519593,0.3373493975903614,-0.0562409288824382,-0.0594604504306796,-0.0457184325108853,-0.1818813716404078,0.5526124818577648,0.5642297248502134,0.4967343976777939,0.5045323250881308,0.5551523947750363,0.5756000453769865,0.4934687953555878,0.5031040122335299,0.0,True,True,58.060721500078216
realx_benchmark_v1,agnam_realx_semisynthetic_v1,COMPLETE,realx_3913_r03_weak,3913,kc2,numeric,3,weak,0.5,522,21,0.4961685823754789,0.5000000000004545,313,104,105,417,26151161,26151171,26151181,3,20,20,lOBlank::n|lOCodeAndComment::loc|total_Op::total_Opnd,lOBlank::n|lOCodeAndComment::loc|total_Op::total_Opnd,lOComment::n|lOComment::uniq_Op,,lOBlank::n|lOCodeAndComment::loc|total_Op::total_Opnd,,lOComment::n|lOComment::uniq_Op,b::iv(g)|branchCount::iv(g)|d::iv(g)|e::iv(g)|ev(g)::iv(g)|ev(g)::lOCode|ev(g)::uniq_Opnd|i::n|iv(g)::t|iv(g)::total_Opnd|iv(g)::uniq_Opnd|lOBlank::lOCodeAndComment|lOCode::lOCodeAndComment|lOCode::total_Opnd|lOCode::uniq_Opnd|lOCodeAndComment::total_Opnd|lOCodeAndComment::uniq_Opnd|lOComment::n|lOComment::uniq_Opnd|total_Opnd::uniq_Opnd,0.0488786067733436,0.0399964958863904,0.0456732414177114,2,0.0,0.0,0.0,0,0.0,0.0,0.0,1.0,0.5383079157588961,0.5840191977225845,0.5,0.0,0.5383079157588961,0.5840191977225845,0.5,0.0,0.0,0.0,0.0,0.0,0.5103485838779955,0.5607480855095901,0.5383079157588961,0.5840191977225845,0.5223311546840959,0.580022167171028,0.5005446623093682,0.5535464710482306,0.0,True,True,54.5353582999669
realx_benchmark_v1,agnam_realx_semisynthetic_v1,COMPLETE,realx_3913_r03_moderate,3913,kc2,numeric,3,moderate,1.0,522,21,0.5,0.4999999999993466,313,104,105,417,26151161,26151171,26151181,3,20,20,lOBlank::n|lOCodeAndComment::loc|total_Op::total_Opnd,lOBlank::n|lOCodeAndComment::loc|total_Op::total_Opnd,lOBlank::lOCodeAndComment,,lOBlank::n|lOCodeAndComment::loc|total_Op::total_Opnd,,lOBlank::lOCodeAndComment,b::iv(g)|branchCount::iv(g)|e::iv(g)|ev(g)::iv(g)|ev(g)::lOCode|ev(g)::lOCodeAndComment|i::iv(g)|i::n|i::v|iv(g)::lOBlank|iv(g)::t|iv(g)::total_Opnd|iv(g)::uniq_Opnd|lOBlank::lOCodeAndComment|lOBlank::total_Opnd|lOCode::lOCodeAndComment|lOCode::total_Opnd|lOCode::uniq_Opnd|lOCodeAndComment::total_Opnd|lOComment::n,0.0485746591009748,0.0846147711572558,0.1443419124248339,1,0.0,0.0,0.0,0,0.0,0.0,0.0,1.0,0.528980190755686,0.5994423152585033,0.5,0.0,0.528980190755686,0.5994423152585033,0.5,0.0,0.0,0.0,0.0,0.0,0.5278796771826852,0.6046608361574858,0.528980190755686,0.5994423152585033,0.5253118121790169,0.5942201695990295,0.5242112986060161,0.6037893751707373,0.0,True,True,52.91540050017648
realx_benchmark_v1,agnam_realx_semisynthetic_v1,COMPLETE,realx_3913_r03_strong,3913,kc2,numeric,3,strong,1.5,522,21,0.5,0.4999999999995459,313,104,105,417,26151161,26151171,26151181,3,20,20,lOBlank::n|lOCodeAndComment::loc|total_Op::total_Opnd,lOBlank::n|lOCodeAndComment::loc|total_Op::total_Opnd,d::l|loc::t,d::l,lOBlank::n|lOCodeAndComment::loc|total_Op::total_Opnd,branchCount::total_Opnd,d::l|loc::t,branchCount::iv(g)|d::v|ev(g)::lOBlank|ev(g)::lOCode|ev(g)::lOCodeAndComment|ev(g)::total_Opnd|i::n|i::v|iv(g)::total_Opnd|lOBlank::lOCode|lOBlank::lOCodeAndComment|lOBlank::total_Opnd|lOBlank::uniq_Op|lOCode::lOCodeAndComment|lOCode::n|lOCode::total_Opnd|lOCode::uniq_Opnd|lOCodeAndComment::total_Opnd|lOComment::n|total_Opnd::v,0.0485489538121117,0.083830804553863,0.1441834819069687,2,0.0,0.0,0.0,1,0.0,0.0,0.0,0.5,0.5077035950110051,0.5965459899284821,0.516507703595011,0.576271186440678,0.5091709464416727,0.5852353645153452,0.5403521643433602,0.6178861788617886,0.0014673514306675,-0.0113106254131368,0.0238444607483492,0.0416149924211106,0.5121056493030081,0.5921810402387484,0.5201760821716801,0.5956573608043845,0.5069699192956714,0.5949219800398219,0.5007336757153338,0.583261256334784,0.0,True,True,48.14681249996647
realx_benchmark_v1,agnam_realx_semisynthetic_v1,COMPLETE,realx_3913_r04_null,3913,kc2,numeric,4,null,0.0,522,21,0.5057471264367817,0.4999999999992225,313,104,105,417,26151261,26151271,26151281,0,20,20,ev(g)::v|i::uniq_Op|lOCodeAndComment::total_Op,,branchCount::lOComment|d::lOComment|lOCodeAndComment::t|lOComment::loc|lOComment::n|lOComment::total_Opnd|lOComment::v(g),lOComment::loc|lOComment::total_Opnd,,branchCount::lOBlank|lOComment::uniq_Opnd,branchCount::lOComment|d::lOComment|lOCodeAndComment::t|lOComment::loc|lOComment::n|lOComment::total_Opnd|lOComment::v(g),b::uniq_Opnd|branchCount::i|branchCount::loc|i::l|i::lOCode|i::lOCodeAndComment|i::loc|i::n|i::t|i::uniq_Op|i::uniq_Opnd|l::loc|l::t|lOCodeAndComment::n|lOCodeAndComment::t|loc::t|loc::total_Op|loc::uniq_Op|t::uniq_Opnd|uniq_Op::v(g),0.1114321680960051,,,7,,,,2,,,,0.7142857142857143,0.5419999999999999,0.5551915490775324,0.5472727272727272,0.6714285714285714,0.5674545454545454,0.5723737426074602,0.5545454545454545,0.5436893203883495,0.0254545454545455,0.0171821935299277,0.0072727272727272,-0.1277392510402218,0.5419999999999999,0.5551915490775324,0.5670909090909091,0.5807812022726685,0.582,0.607043776429548,0.5743636363636364,0.5881024118524449,0.0,True,True,83.07884539989755
realx_benchmark_v1,agnam_realx_semisynthetic_v1,COMPLETE,realx_3913_r04_weak,3913,kc2,numeric,4,weak,0.5,522,21,0.4904214559386973,0.4999999999995613,313,104,105,417,26151261,26151271,26151281,3,20,20,ev(g)::v|i::uniq_Op|lOCodeAndComment::total_Op,ev(g)::v|i::uniq_Op|lOCodeAndComment::total_Op,branchCount::lOComment|i::lOComment|lOBlank::lOComment|lOComment::n|lOComment::t|lOComment::total_Op|lOComment::total_Opnd|lOComment::uniq_Op,,ev(g)::v|i::uniq_Op|lOCodeAndComment::total_Op,,branchCount::lOComment|i::lOComment|lOBlank::lOComment|lOComment::n|lOComment::t|lOComment::total_Op|lOComment::total_Opnd|lOComment::uniq_Op,b::ev(g)|branchCount::i|branchCount::lOCodeAndComment|branchCount::loc|branchCount::total_Op|d::ev(g)|d::lOBlank|d::lOCodeAndComment|d::loc|d::uniq_Op|ev(g)::lOCode|ev(g)::n|ev(g)::total_Op|ev(g)::total_Opnd|ev(g)::uniq_Opnd|ev(g)::v|l::total_Op|lOBlank::v(g)|lOComment::total_Op|lOComment::total_Opnd,0.1029043136004086,0.0418532328822825,0.0249642020931617,8,0.0,0.0,0.0,0,0.0,0.0,0.0,1.0,0.5578737300435413,0.5566180129690976,0.5085268505079826,0.1875,0.5578737300435413,0.5566180129690976,0.5085268505079826,0.1875,0.0,0.0,0.0,0.0,0.557510885341074,0.5551257276271598,0.5578737300435413,0.5566180129690976,0.5404571843251088,0.5361329513007574,0.5404571843251089,0.5393749055595077,0.0,True,True,105.43737370008604
realx_benchmark_v1,agnam_realx_semisynthetic_v1,COMPLETE,realx_3913_r04_moderate,3913,kc2,numeric,4,moderate,1.0,522,21,0.4923371647509578,0.5000000000001421,313,104,105,417,26151261,26151271,26151281,3,20,20,ev(g)::v|i::uniq_Op|lOCodeAndComment::total_Op,ev(g)::v|i::uniq_Op|lOCodeAndComment::total_Op,branchCount::lOComment|l::lOComment|lOComment::loc|lOComment::v(g),lOComment::loc,ev(g)::v|i::uniq_Op|lOCodeAndComment::total_Op,lOComment::total_Op,branchCount::lOComment|l::lOComment|lOComment::loc|lOComment::v(g),b::t|branchCount::i|branchCount::lOCodeAndComment|branchCount::loc|i::l|i::lOCodeAndComment|i::loc|i::n|i::t|i::uniq_Op|i::uniq_Opnd|iv(g)::t|l::loc|l::t|lOCodeAndComment::t|loc::t|loc::total_Op|loc::uniq_Op|t::uniq_Opnd|uniq_Op::v(g),0.0847922426869795,0.0270367540428755,0.0113394548876609,4,0.0,0.0,0.0,1,0.0,0.0,0.0,0.75,0.6,0.5528685376571691,0.5736363636363636,0.5794392523364486,0.6018181818181819,0.5462907955066412,0.6163636363636363,0.6495726495726496,0.0018181818181819,-0.0065777421505279,0.0427272727272727,0.070133397236201,0.5760000000000001,0.5097623285539147,0.6054545454545455,0.5499347230325886,0.5698181818181818,0.5013404676505839,0.5643636363636364,0.4972784958435833,0.0,True,True,134.60317649994977
realx_benchmark_v1,agnam_realx_semisynthetic_v1,COMPLETE,realx_3913_r04_strong,3913,kc2,numeric,4,strong,1.5,522,21,0.4904214559386973,0.5000000000005027,313,104,105,417,26151261,26151271,26151281,3,20,20,ev(g)::v|i::uniq_Op|lOCodeAndComment::total_Op,ev(g)::v|i::uniq_Op|lOCodeAndComment::total_Op,lOCodeAndComment::t|uniq_Op::uniq_Opnd,uniq_Op::uniq_Opnd,ev(g)::v|i::uniq_Op|lOCodeAndComment::total_Op,lOComment::total_Op,lOCodeAndComment::t|uniq_Op::uniq_Opnd,b::lOCodeAndComment|b::uniq_Op|b::uniq_Opnd|branchCount::e|branchCount::i|branchCount::loc|branchCount::total_Op|branchCount::uniq_Op|i::l|i::lOCodeAndComment|i::n|i::total_Opnd|i::uniq_Op|i::uniq_Opnd|lOCodeAndComment::loc|lOCodeAndComment::n|lOCodeAndComment::t|lOCodeAndComment::uniq_Op|n::uniq_Opnd|uniq_Op::v(g),0.0705459508091087,0.1071967952639689,0.1424124890478253,2,0.0,0.0,0.0,1,0.0,0.0,0.0,0.5,0.5475313190862197,0.4582081987467544,0.5716654384672071,0.6065573770491803,0.5563743551952838,0.4631906320468198,0.5642962417096536,0.6212121212121212,0.0088430361090641,0.0049824333000654,-0.0073691967575534,0.0146547441629408,0.5383198231392778,0.4476267364612241,0.5375829034635224,0.4492596867380439,0.5887988209285188,0.49385507770539,0.5512159174649963,0.4556820093483747,0.0,True,True,159.4211432999
realx_benchmark_v1,agnam_realx_semisynthetic_v1,COMPLETE,realx_3913_r05_null,3913,kc2,numeric,5,null,0.0,522,21,0.4923371647509578,0.4999999999995639,313,104,105,417,26151361,26151371,26151381,0,20,20,branchCount::i|d::total_Opnd|n::t,,,,,,,branchCount::d|branchCount::iv(g)|branchCount::l|branchCount::lOBlank|branchCount::loc|branchCount::n|branchCount::uniq_Op|d::iv(g)|d::n|e::iv(g)|e::lOCodeAndComment|e::uniq_Op|ev(g)::n|iv(g)::n|l::lOCodeAndComment|l::n|lOBlank::uniq_Op|lOCodeAndComment::lOComment|lOCodeAndComment::n|n::v,0.0510458839406207,,,0,,,,0,,,,,0.5925655976676385,0.6317604990395579,0.5,0.6363636363636364,0.5925655976676385,0.6317604990395579,0.5,0.6363636363636364,0.0,0.0,0.0,0.0,0.5925655976676385,0.6317604990395579,0.5925655976676385,0.6317604990395579,0.5925655976676385,0.6317604990395579,0.6005830903790088,0.639107953266983,0.0,True,True,43.579509400064126
realx_benchmark_v1,agnam_realx_semisynthetic_v1,COMPLETE,realx_3913_r05_weak,3913,kc2,numeric,5,weak,0.5,522,21,0.4789272030651341,0.4999999999992651,313,104,105,417,26151361,26151371,26151381,3,20,20,branchCount::i|d::total_Opnd|n::t,branchCount::i|d::total_Opnd|n::t,l::lOCodeAndComment,,branchCount::i|d::total_Opnd|n::t,,l::lOCodeAndComment,b::iv(g)|branchCount::d|branchCount::iv(g)|branchCount::loc|branchCount::n|branchCount::uniq_Op|d::ev(g)|d::iv(g)|d::loc|e::iv(g)|e::lOCodeAndComment|e::uniq_Op|ev(g)::lOComment|ev(g)::loc|iv(g)::n|l::lOCodeAndComment|lOCodeAndComment::lOComment|lOCodeAndComment::n|loc::v|n::v,0.0550074076389865,0.0330998094028211,0.0343524402832657,1,0.0,0.0,0.0,0,0.0,0.0,0.0,1.0,0.6096296296296296,0.6297229420665983,0.5,0.6,0.6096296296296296,0.6297229420665983,0.5,0.6,0.0,0.0,0.0,0.0,0.6033333333333334,0.6253946001188116,0.6096296296296296,0.6297229420665983,0.6037037037037037,0.6266163116318115,0.6222222222222222,0.6375063371390395,0.0,True,True,50.96966369985603
realx_benchmark_v1,agnam_realx_semisynthetic_v1,COMPLETE,realx_3913_r05_moderate,3913,kc2,numeric,5,moderate,1.0,522,21,0.4770114942528735,0.5000000000004768,313,104,105,417,26151361,26151371,26151381,3,20,20,branchCount::i|d::total_Opnd|n::t,branchCount::i|d::total_Opnd|n::t,i::iv(g)|l::lOCodeAndComment,l::lOCodeAndComment,branchCount::i|d::total_Opnd|n::t,lOBlank::lOCode,i::iv(g)|l::lOCodeAndComment,b::ev(g)|b::lOCodeAndComment|b::lOComment|branchCount::i|ev(g)::i|ev(g)::loc|i::iv(g)|i::lOCodeAndComment|i::lOComment|i::t|iv(g)::lOComment|l::lOCodeAndComment|lOCode::lOCodeAndComment|lOCodeAndComment::lOComment|lOCodeAndComment::n|lOCodeAndComment::t|lOCodeAndComment::total_Op|lOCodeAndComment::v(g)|lOComment::uniq_Op|lOComment::uniq_Opnd,0.046460399091978,0.0263199243430695,0.0154770954728436,2,0.0,0.0,0.0,1,0.0,0.0,0.0,0.5,0.6290204678362573,0.6568807896188765,0.5,0.6274509803921569,0.6253654970760234,0.6552955948407286,0.5,0.6274509803921569,-0.0036549707602339,-0.0015851947781478,0.0,0.0,0.6323099415204678,0.6573710302353444,0.6290204678362574,0.6568140586747491,0.629751461988304,0.6569480614905847,0.6476608187134503,0.6686376075664044,0.0,True,True,51.63828070019372
realx_benchmark_v1,agnam_realx_semisynthetic_v1,COMPLETE,realx_3913_r05_strong,3913,kc2,numeric,5,strong,1.5,522,21,0.475095785440613,0.5000000000000566,313,104,105,417,26151361,26151371,26151381,3,20,20,branchCount::i|d::total_Opnd|n::t,branchCount::i|d::total_Opnd|n::t,n::v,,branchCount::i|d::total_Opnd|n::t,,n::v,b::e|b::iv(g)|b::loc|b::n|branchCount::d|branchCount::n|d::loc|e::lOCode|e::loc|e::t|e::uniq_Op|ev(g)::loc|ev(g)::n|l::n|lOCode::n|lOCodeAndComment::n|loc::v|n::t|n::v|t::uniq_Op,0.0396979975927344,0.0433719700082406,0.0455524883877227,1,0.0,0.0,0.0,0,0.0,0.0,0.0,1.0,0.6450843727072635,0.6588359488794356,0.5,0.618421052631579,0.6450843727072635,0.6588359488794356,0.5,0.618421052631579,0.0,0.0,0.0,0.0,0.6502201027146002,0.658539553791524,0.6450843727072635,0.6588359488794356,0.6439838591342626,0.6581691118723555,0.6590242112986061,0.6644819770217982,0.0,True,True,59.20349989994429
realx_benchmark_v1,agnam_realx_semisynthetic_v1,COMPLETE,realx_3902_r01_null,3902,pc4,numeric,1,null,0.0,1458,37,0.4883401920438957,0.5000000000009232,874,291,293,1165,26160961,26160971,26160981,0,20,20,BRANCH_COUNT::NUM_UNIQUE_OPERANDS|CALL_PAIRS::DECISION_DENSITY|DESIGN_DENSITY::NUM_OPERATORS,,CYCLOMATIC_DENSITY::MODIFIED_CONDITION_COUNT|CYCLOMATIC_DENSITY::PARAMETER_COUNT,,,,CYCLOMATIC_DENSITY::MODIFIED_CONDITION_COUNT|CYCLOMATIC_DENSITY::PARAMETER_COUNT,BRANCH_COUNT::CYCLOMATIC_DENSITY|CALL_PAIRS::CYCLOMATIC_DENSITY|CYCLOMATIC_DENSITY::DECISION_COUNT|CYCLOMATIC_DENSITY::EDGE_COUNT|CYCLOMATIC_DENSITY::HALSTEAD_CONTENT|CYCLOMATIC_DENSITY::HALSTEAD_EFFORT|CYCLOMATIC_DENSITY::HALSTEAD_LENGTH|CYCLOMATIC_DENSITY::HALSTEAD_LEVEL|CYCLOMATIC_DENSITY::HALSTEAD_PROG_TIME|CYCLOMATIC_DENSITY::LOC_TOTAL|CYCLOMATIC_DENSITY::MAINTENANCE_SEVERITY|CYCLOMATIC_DENSITY::MODIFIED_CONDITION_COUNT|CYCLOMATIC_DENSITY::MULTIPLE_CONDITION_COUNT|CYCLOMATIC_DENSITY::NUM_UNIQUE_OPERANDS|CYCLOMATIC_DENSITY::PARAMETER_COUNT|ESSENTIAL_COMPLEXITY::HALSTEAD_LEVEL|ESSENTIAL_COMPLEXITY::LOC_BLANK|HALSTEAD_LEVEL::MODIFIED_CONDITION_COUNT|NUM_OPERANDS::PARAMETER_COUNT|NUM_OPERATORS::PARAMETER_COUNT,0.0581196581196581,,,2,,,,0,,,,1.0,0.5983870967741935,0.5717346505662174,0.5802244039270688,0.5413533834586466,0.5983870967741935,0.5717346505662174,0.5802244039270688,0.5413533834586466,0.0,0.0,0.0,0.0,0.5983870967741935,0.5717346505662174,0.5983870967741935,0.5717346505662174,0.5990883590462833,0.5716246359101222,0.5994623655913978,0.5653577876655089,0.0,True,True,289.4559051999822
realx_benchmark_v1,agnam_realx_semisynthetic_v1,COMPLETE,realx_3902_r01_weak,3902,pc4,numeric,1,weak,0.5,1458,37,0.4917695473251028,0.4999999999997558,874,291,293,1165,26160961,26160971,26160981,3,20,20,BRANCH_COUNT::NUM_UNIQUE_OPERANDS|CALL_PAIRS::DECISION_DENSITY|DESIGN_DENSITY::NUM_OPERATORS,BRANCH_COUNT::NUM_UNIQUE_OPERANDS|CALL_PAIRS::DECISION_DENSITY|DESIGN_DENSITY::NUM_OPERATORS,,,BRANCH_COUNT::NUM_UNIQUE_OPERANDS|CALL_PAIRS::DECISION_DENSITY|DESIGN_DENSITY::NUM_OPERATORS,,,BRANCH_COUNT::ESSENTIAL_COMPLEXITY|CALL_PAIRS::CYCLOMATIC_DENSITY|CONDITION_COUNT::ESSENTIAL_COMPLEXITY|DECISION_COUNT::ESSENTIAL_COMPLEXITY|DESIGN_COMPLEXITY::ESSENTIAL_COMPLEXITY|DESIGN_DENSITY::ESSENTIAL_COMPLEXITY|ESSENTIAL_COMPLEXITY::HALSTEAD_CONTENT|ESSENTIAL_COMPLEXITY::HALSTEAD_DIFFICULTY|ESSENTIAL_COMPLEXITY::HALSTEAD_ERROR_EST|ESSENTIAL_COMPLEXITY::HALSTEAD_LEVEL|ESSENTIAL_COMPLEXITY::HALSTEAD_PROG_TIME|ESSENTIAL_COMPLEXITY::HALSTEAD_VOLUME|ESSENTIAL_COMPLEXITY::LOC_CODE_AND_COMMENT|ESSENTIAL_COMPLEXITY::LOC_COMMENTS|ESSENTIAL_COMPLEXITY::LOC_TOTAL|ESSENTIAL_COMPLEXITY::MAINTENANCE_SEVERITY|ESSENTIAL_COMPLEXITY::NORMALIZED_CYLOMATIC_COMPLEXITY|ESSENTIAL_COMPLEXITY::NUMBER_OF_LINES|ESSENTIAL_COMPLEXITY::NUM_OPERATORS|ESSENTIAL_COMPLEXITY::NUM_UNIQUE_OPERATORS,0.0336996336996337,0.0111324358631383,0.0019430159450924,0,0.0,0.0,0.0,0,0.0,0.0,0.0,,0.5702600671140939,0.5861575679130062,0.5416899701715138,0.3813953488372093,0.5702600671140939,0.5861575679130062,0.5416899701715138,0.3813953488372093,0.0,0.0,0.0,0.0,0.5770646905294556,0.5937882766016195,0.5702600671140939,0.5861575679130062,0.5702600671140939,0.5861575679130062,0.5782298657718121,0.5962296445754797,0.0,True,True,240.72320230002515
realx_benchmark_v1,agnam_realx_semisynthetic_v1,COMPLETE,realx_3902_r01_moderate,3902,pc4,numeric,1,moderate,1.0,1458,37,0.4917695473251028,0.4999999999995511,874,291,293,1165,26160961,26160971,26160981,3,20,20,BRANCH_COUNT::NUM_UNIQUE_OPERANDS|CALL_PAIRS::DECISION_DENSITY|DESIGN_DENSITY::NUM_OPERATORS,BRANCH_COUNT::NUM_UNIQUE_OPERANDS|CALL_PAIRS::DECISION_DENSITY|DESIGN_DENSITY::NUM_OPERATORS,ESSENTIAL_COMPLEXITY::HALSTEAD_LEVEL,,BRANCH_COUNT::NUM_UNIQUE_OPERANDS|CALL_PAIRS::DECISION_DENSITY|DESIGN_DENSITY::NUM_OPERATORS,,ESSENTIAL_COMPLEXITY::HALSTEAD_LEVEL,CONDITION_COUNT::ESSENTIAL_COMPLEXITY|DECISION_COUNT::ESSENTIAL_COMPLEXITY|DECISION_COUNT::NUM_UNIQUE_OPERATORS|DECISION_DENSITY::ESSENTIAL_COMPLEXITY|DESIGN_COMPLEXITY::ESSENTIAL_COMPLEXITY|DESIGN_DENSITY::ESSENTIAL_COMPLEXITY|DESIGN_DENSITY::NUM_UNIQUE_OPERATORS|ESSENTIAL_COMPLEXITY::HALSTEAD_CONTENT|ESSENTIAL_COMPLEXITY::HALSTEAD_DIFFICULTY|ESSENTIAL_COMPLEXITY::HALSTEAD_ERROR_EST|ESSENTIAL_COMPLEXITY::HALSTEAD_LEVEL|ESSENTIAL_COMPLEXITY::HALSTEAD_PROG_TIME|ESSENTIAL_COMPLEXITY::HALSTEAD_VOLUME|ESSENTIAL_COMPLEXITY::LOC_CODE_AND_COMMENT|ESSENTIAL_COMPLEXITY::LOC_COMMENTS|ESSENTIAL_COMPLEXITY::LOC_TOTAL|ESSENTIAL_COMPLEXITY::MAINTENANCE_SEVERITY|ESSENTIAL_COMPLEXITY::NUMBER_OF_LINES|ESSENTIAL_COMPLEXITY::NUM_OPERATORS|LOC_COMMENTS::NUM_UNIQUE_OPERATORS,0.0472508815462975,0.006500916263207,0.0031279801380443,1,0.0,0.0,0.0,0,0.0,0.0,0.0,1.0,0.6096270396270396,0.6065874036259261,0.5658041958041958,0.4705882352941176,0.6096270396270396,0.6065874036259261,0.5658041958041958,0.4705882352941176,0.0,0.0,0.0,0.0,0.6140093240093241,0.6093681204382564,0.6096270396270396,0.6065874036259261,0.6126573426573427,0.6110113239160844,0.6075291375291376,0.6061185590134646,0.0,True,True,237.40874009998515
realx_benchmark_v1,agnam_realx_semisynthetic_v1,COMPLETE,realx_3902_r01_strong,3902,pc4,numeric,1,strong,1.5,1458,37,0.4883401920438957,0.4999999999991104,874,291,293,1165,26160961,26160971,26160981,3,20,20,BRANCH_COUNT::NUM_UNIQUE_OPERANDS|CALL_PAIRS::DECISION_DENSITY|DESIGN_DENSITY::NUM_OPERATORS,BRANCH_COUNT::NUM_UNIQUE_OPERANDS|CALL_PAIRS::DECISION_DENSITY|DESIGN_DENSITY::NUM_OPERATORS,,,BRANCH_COUNT::NUM_UNIQUE_OPERANDS|CALL_PAIRS::DECISION_DENSITY|DESIGN_DENSITY::NUM_OPERATORS,,,BRANCH_COUNT::NUM_UNIQUE_OPERATORS|BRANCH_COUNT::PARAMETER_COUNT|CALL_PAIRS::PARAMETER_COUNT|CYCLOMATIC_COMPLEXITY::ESSENTIAL_DENSITY|CYCLOMATIC_COMPLEXITY::NUM_OPERANDS|CYCLOMATIC_COMPLEXITY::PARAMETER_COUNT|DESIGN_DENSITY::PARAMETER_COUNT|ESSENTIAL_COMPLEXITY::NUMBER_OF_LINES|ESSENTIAL_COMPLEXITY::NUM_UNIQUE_OPERATORS|ESSENTIAL_DENSITY::HALSTEAD_VOLUME|ESSENTIAL_DENSITY::LOC_COMMENTS|ESSENTIAL_DENSITY::NUM_OPERANDS|ESSENTIAL_DENSITY::PARAMETER_COUNT|HALSTEAD_CONTENT::PARAMETER_COUNT|HALSTEAD_DIFFICULTY::NUM_OPERANDS|HALSTEAD_LENGTH::NUM_UNIQUE_OPERATORS|NODE_COUNT::NUM_OPERANDS|NUM_OPERANDS::NUM_UNIQUE_OPERATORS|NUM_OPERANDS::PARAMETER_COUNT|NUM_UNIQUE_OPERATORS::PARAMETER_COUNT,0.0242015294646873,0.0069808601735116,0.0035509044920372,0,0.0,0.0,0.0,0,0.0,0.0,0.0,,0.6173193473193473,0.598431228063578,0.568974358974359,0.4680851063829787,0.6173193473193473,0.598431228063578,0.568974358974359,0.4680851063829787,0.0,0.0,0.0,0.0,0.622074592074592,0.6007634275060446,0.6173193473193473,0.598431228063578,0.6173193473193473,0.598431228063578,0.6240326340326341,0.6002499718504789,0.0,True,True,184.17997479997572
realx_benchmark_v1,agnam_realx_semisynthetic_v1,COMPLETE,realx_3902_r02_null,3902,pc4,numeric,2,null,0.0,1458,37,0.4842249657064472,0.5000000000004989,874,291,293,1165,26161061,26161071,26161081,0,20,20,CYCLOMATIC_DENSITY::HALSTEAD_CONTENT|ESSENTIAL_COMPLEXITY::LOC_TOTAL|HALSTEAD_EFFORT::NORMALIZED_CYLOMATIC_COMPLEXITY,,HALSTEAD_DIFFICULTY::HALSTEAD_LEVEL|HALSTEAD_LEVEL::LOC_COMMENTS|HALSTEAD_LEVEL::NORMALIZED_CYLOMATIC_COMPLEXITY|HALSTEAD_LEVEL::NUM_UNIQUE_OPERATORS,,,,HALSTEAD_DIFFICULTY::HALSTEAD_LEVEL|HALSTEAD_LEVEL::LOC_COMMENTS|HALSTEAD_LEVEL::NORMALIZED_CYLOMATIC_COMPLEXITY|HALSTEAD_LEVEL::NUM_UNIQUE_OPERATORS,BRANCH_COUNT::CONDITION_COUNT|CONDITION_COUNT::HALSTEAD_DIFFICULTY|CONDITION_COUNT::HALSTEAD_LENGTH|CONDITION_COUNT::LOC_CODE_AND_COMMENT|CONDITION_COUNT::LOC_EXECUTABLE|CONDITION_COUNT::MODIFIED_CONDITION_COUNT|CONDITION_COUNT::NUM_OPERANDS|CONDITION_COUNT::PARAMETER_COUNT|DESIGN_COMPLEXITY::HALSTEAD_LENGTH|ESSENTIAL_DENSITY::NUMBER_OF_LINES|HALSTEAD_CONTENT::NUMBER_OF_LINES|HALSTEAD_DIFFICULTY::LOC_CODE_AND_COMMENT|HALSTEAD_DIFFICULTY::NUMBER_OF_LINES|HALSTEAD_EFFORT::HALSTEAD_PROG_TIME|HALSTEAD_EFFORT::NUM_OPERANDS|HALSTEAD_LENGTH::NUMBER_OF_LINES|LOC_EXECUTABLE::NUMBER_OF_LINES|LOC_EXECUTABLE::PARAMETER_COUNT|LOC_TOTAL::NUM_UNIQUE_OPERATORS|NUMBER_OF_LINES::NUM_UNIQUE_OPERATORS,0.0800046326362115,,,4,,,,0,,,,1.0,0.5557962911191874,0.5601496067781904,0.5297269592768614,0.4051724137931034,0.5557962911191874,0.5601496067781904,0.5297269592768614,0.4051724137931034,0.0,0.0,0.0,0.0,0.5557962911191874,0.5601496067781904,0.5557962911191874,0.5601496067781904,0.5529074643556052,0.5581156264219342,0.573828161401547,0.5721353439929784,0.0,True,True,157.64510650001466
realx_benchmark_v1,agnam_realx_semisynthetic_v1,COMPLETE,realx_3902_r02_weak,3902,pc4,numeric,2,weak,0.5,1458,37,0.4890260631001372,0.5000000000003747,874,291,293,1165,26161061,26161071,26161081,3,20,20,CYCLOMATIC_DENSITY::HALSTEAD_CONTENT|ESSENTIAL_COMPLEXITY::LOC_TOTAL|HALSTEAD_EFFORT::NORMALIZED_CYLOMATIC_COMPLEXITY,CYCLOMATIC_DENSITY::HALSTEAD_CONTENT|ESSENTIAL_COMPLEXITY::LOC_TOTAL|HALSTEAD_EFFORT::NORMALIZED_CYLOMATIC_COMPLEXITY,,,CYCLOMATIC_DENSITY::HALSTEAD_CONTENT|ESSENTIAL_COMPLEXITY::LOC_TOTAL|HALSTEAD_EFFORT::NORMALIZED_CYLOMATIC_COMPLEXITY,,,BRANCH_COUNT::HALSTEAD_DIFFICULTY|CONDITION_COUNT::HALSTEAD_DIFFICULTY|CONDITION_COUNT::NUM_UNIQUE_OPERATORS|DECISION_DENSITY::HALSTEAD_PROG_TIME|DESIGN_COMPLEXITY::HALSTEAD_DIFFICULTY|DESIGN_COMPLEXITY::HALSTEAD_ERROR_EST|DESIGN_DENSITY::HALSTEAD_PROG_TIME|HALSTEAD_CONTENT::NUMBER_OF_LINES|HALSTEAD_DIFFICULTY::HALSTEAD_PROG_TIME|HALSTEAD_DIFFICULTY::NUM_UNIQUE_OPERATORS|HALSTEAD_EFFORT::HALSTEAD_PROG_TIME|HALSTEAD_ERROR_EST::LOC_CODE_AND_COMMENT|HALSTEAD_LEVEL::HALSTEAD_PROG_TIME|HALSTEAD_PROG_TIME::LOC_BLANK|HALSTEAD_PROG_TIME::LOC_CODE_AND_COMMENT|HALSTEAD_PROG_TIME::LOC_EXECUTABLE|HALSTEAD_PROG_TIME::MULTIPLE_CONDITION_COUNT|HALSTEAD_PROG_TIME::NUM_UNIQUE_OPERATORS|HALSTEAD_PROG_TIME::PERCENT_COMMENTS|LOC_TOTAL::NUM_UNIQUE_OPERATORS,0.0211985264616843,0.00910427363272,0.0077223933829153,0,0.0,0.0,0.0,0,0.0,0.0,0.0,,0.595754101416853,0.6088685542829292,0.5631524981357195,0.4556962025316455,0.595754101416853,0.6088685542829292,0.5631524981357195,0.4556962025316455,0.0,0.0,0.0,0.0,0.5864793064876958,0.6003650954107729,0.595754101416853,0.6088685542829292,0.595754101416853,0.6088685542829292,0.601882923191648,0.615883119487133,0.0,True,True,154.84935980010778
realx_benchmark_v1,agnam_realx_semisynthetic_v1,COMPLETE,realx_3902_r02_moderate,3902,pc4,numeric,2,moderate,1.0,1458,37,0.4965706447187928,0.5000000000007462,874,291,293,1165,26161061,26161071,26161081,3,20,20,CYCLOMATIC_DENSITY::HALSTEAD_CONTENT|ESSENTIAL_COMPLEXITY::LOC_TOTAL|HALSTEAD_EFFORT::NORMALIZED_CYLOMATIC_COMPLEXITY,CYCLOMATIC_DENSITY::HALSTEAD_CONTENT|ESSENTIAL_COMPLEXITY::LOC_TOTAL|HALSTEAD_EFFORT::NORMALIZED_CYLOMATIC_COMPLEXITY,,,CYCLOMATIC_DENSITY::HALSTEAD_CONTENT|ESSENTIAL_COMPLEXITY::LOC_TOTAL|HALSTEAD_EFFORT::NORMALIZED_CYLOMATIC_COMPLEXITY,,,CONDITION_COUNT::HALSTEAD_LENGTH|CONDITION_COUNT::LOC_CODE_AND_COMMENT|CONDITION_COUNT::NUM_UNIQUE_OPERATORS|DESIGN_COMPLEXITY::HALSTEAD_LENGTH|DESIGN_DENSITY::HALSTEAD_PROG_TIME|ESSENTIAL_COMPLEXITY::NUM_UNIQUE_OPERATORS|HALSTEAD_CONTENT::LOC_CODE_AND_COMMENT|HALSTEAD_CONTENT::NUMBER_OF_LINES|HALSTEAD_CONTENT::NUM_UNIQUE_OPERATORS|HALSTEAD_ERROR_EST::LOC_CODE_AND_COMMENT|HALSTEAD_LEVEL::HALSTEAD_PROG_TIME|HALSTEAD_PROG_TIME::LOC_BLANK|HALSTEAD_PROG_TIME::LOC_CODE_AND_COMMENT|HALSTEAD_PROG_TIME::MULTIPLE_CONDITION_COUNT|HALSTEAD_PROG_TIME::NUM_UNIQUE_OPERATORS|HALSTEAD_PROG_TIME::PERCENT_COMMENTS|LOC_CODE_AND_COMMENT::NUM_UNIQUE_OPERATORS|LOC_TOTAL::NUM_UNIQUE_OPERATORS|NUM_OPERATORS::NUM_UNIQUE_OPERATORS|NUM_UNIQUE_OPERATORS::PARAMETER_COUNT,0.0129554655870445,0.0107491778262013,0.008286929068781,0,0.0,0.0,0.0,0,0.0,0.0,0.0,,0.5981709593131765,0.6120530286482618,0.5474524076147816,0.425531914893617,0.5981709593131765,0.6120530286482618,0.5474524076147816,0.425531914893617,0.0,0.0,0.0,0.0,0.5902388951101156,0.6016678721163667,0.5981709593131765,0.6120530286482618,0.5981709593131765,0.6120530286482618,0.5938783128032848,0.6101257518459402,0.0,True,True,207.63776259985752
realx_benchmark_v1,agnam_realx_semisynthetic_v1,COMPLETE,realx_3902_r02_strong,3902,pc4,numeric,2,strong,1.5,1458,37,0.5068587105624143,0.5000000000009399,874,291,293,1165,26161061,26161071,26161081,3,20,20,CYCLOMATIC_DENSITY::HALSTEAD_CONTENT|ESSENTIAL_COMPLEXITY::LOC_TOTAL|HALSTEAD_EFFORT::NORMALIZED_CYLOMATIC_COMPLEXITY,CYCLOMATIC_DENSITY::HALSTEAD_CONTENT|ESSENTIAL_COMPLEXITY::LOC_TOTAL|HALSTEAD_EFFORT::NORMALIZED_CYLOMATIC_COMPLEXITY,,,CYCLOMATIC_DENSITY::HALSTEAD_CONTENT|ESSENTIAL_COMPLEXITY::LOC_TOTAL|HALSTEAD_EFFORT::NORMALIZED_CYLOMATIC_COMPLEXITY,,,CONDITION_COUNT::HALSTEAD_DIFFICULTY|CONDITION_COUNT::HALSTEAD_LENGTH|CONDITION_COUNT::LOC_CODE_AND_COMMENT|CONDITION_COUNT::LOC_TOTAL|CONDITION_COUNT::MODIFIED_CONDITION_COUNT|CONDITION_COUNT::NUM_UNIQUE_OPERATORS|CONDITION_COUNT::PARAMETER_COUNT|DESIGN_COMPLEXITY::HALSTEAD_LENGTH|DESIGN_COMPLEXITY::HALSTEAD_PROG_TIME|HALSTEAD_CONTENT::NUMBER_OF_LINES|HALSTEAD_DIFFICULTY::LOC_CODE_AND_COMMENT|HALSTEAD_DIFFICULTY::NUMBER_OF_LINES|HALSTEAD_EFFORT::HALSTEAD_PROG_TIME|HALSTEAD_ERROR_EST::LOC_CODE_AND_COMMENT|HALSTEAD_LENGTH::LOC_CODE_AND_COMMENT|HALSTEAD_PROG_TIME::NUM_UNIQUE_OPERATORS|HALSTEAD_PROG_TIME::PERCENT_COMMENTS|LOC_CODE_AND_COMMENT::LOC_TOTAL|LOC_TOTAL::NUM_UNIQUE_OPERATORS|NUMBER_OF_LINES::NUM_UNIQUE_OPERATORS,0.0081081081081081,0.0139718207162249,0.0117426617331837,0,0.0,0.0,0.0,0,0.0,0.0,0.0,,0.6110097323600974,0.6269962643496234,0.6133024518061014,0.706199460916442,0.6110097323600974,0.6269962643496234,0.6133024518061014,0.706199460916442,0.0,0.0,0.0,0.0,0.6191980160958264,0.6451494405155733,0.6110097323600974,0.6269962643496234,0.6110097323600974,0.6269962643496234,0.6088105932996444,0.6224850813851475,0.0,True,True,201.75567189999856
realx_benchmark_v1,agnam_realx_semisynthetic_v1,COMPLETE,realx_3902_r03_null,3902,pc4,numeric,3,null,0.0,1458,37,0.4910836762688614,0.4999999999992084,874,291,293,1165,26161161,26161171,26161181,0,20,20,CALL_PAIRS::EDGE_COUNT|DECISION_DENSITY::LOC_CODE_AND_COMMENT|NODE_COUNT::NUMBER_OF_LINES,,CYCLOMATIC_COMPLEXITY::HALSTEAD_LENGTH|DECISION_COUNT::HALSTEAD_LEVEL,,,,CYCLOMATIC_COMPLEXITY::HALSTEAD_LENGTH|DECISION_COUNT::HALSTEAD_LEVEL,BRANCH_COUNT::MAINTENANCE_SEVERITY|CALL_PAIRS::HALSTEAD_LEVEL|CYCLOMATIC_COMPLEXITY::HALSTEAD_LENGTH|CYCLOMATIC_COMPLEXITY::LOC_CODE_AND_COMMENT|CYCLOMATIC_COMPLEXITY::LOC_EXECUTABLE|CYCLOMATIC_COMPLEXITY::NORMALIZED_CYLOMATIC_COMPLEXITY|CYCLOMATIC_COMPLEXITY::NUMBER_OF_LINES|DECISION_COUNT::HALSTEAD_LEVEL|DECISION_COUNT::PARAMETER_COUNT|HALSTEAD_EFFORT::HALSTEAD_LEVEL|HALSTEAD_ERROR_EST::HALSTEAD_LEVEL|HALSTEAD_LENGTH::HALSTEAD_LEVEL|HALSTEAD_LEVEL::HALSTEAD_PROG_TIME|HALSTEAD_LEVEL::HALSTEAD_VOLUME|HALSTEAD_LEVEL::LOC_EXECUTABLE|HALSTEAD_LEVEL::MULTIPLE_CONDITION_COUNT|HALSTEAD_LEVEL::NORMALIZED_CYLOMATIC_COMPLEXITY|HALSTEAD_LEVEL::NUM_OPERANDS|HALSTEAD_LEVEL::PERCENT_COMMENTS|MAINTENANCE_SEVERITY::NODE_COUNT,0.0437015963331752,,,2,,,,0,,,,1.0,0.6069163324316762,0.5856418793467157,0.5778145695364238,0.5358490566037736,0.6069163324316762,0.5856418793467157,0.5778145695364238,0.5358490566037736,0.0,0.0,0.0,0.0,0.6069163324316762,0.5856418793467157,0.6069163324316762,0.5856418793467157,0.5981484936106707,0.5799618457857624,0.5973556571215372,0.580143411973745,0.0,True,True,220.5412171999924
realx_benchmark_v1,agnam_realx_semisynthetic_v1,COMPLETE,realx_3902_r03_weak,3902,pc4,numeric,3,weak,0.5,1458,37,0.4862825788751714,0.5000000000004321,874,291,293,1165,26161161,26161171,26161181,3,20,20,CALL_PAIRS::EDGE_COUNT|DECISION_DENSITY::LOC_CODE_AND_COMMENT|NODE_COUNT::NUMBER_OF_LINES,CALL_PAIRS::EDGE_COUNT|DECISION_DENSITY::LOC_CODE_AND_COMMENT|NODE_COUNT::NUMBER_OF_LINES,CALL_PAIRS::HALSTEAD_LEVEL|CYCLOMATIC_COMPLEXITY::HALSTEAD_LEVEL|HALSTEAD_ERROR_EST::HALSTEAD_LEVEL|HALSTEAD_LENGTH::HALSTEAD_LEVEL|HALSTEAD_LEVEL::LOC_CODE_AND_COMMENT|HALSTEAD_LEVEL::NUM_OPERANDS|HALSTEAD_LEVEL::NUM_UNIQUE_OPERANDS,,CALL_PAIRS::EDGE_COUNT|DECISION_DENSITY::LOC_CODE_AND_COMMENT|NODE_COUNT::NUMBER_OF_LINES,,CALL_PAIRS::HALSTEAD_LEVEL|CYCLOMATIC_COMPLEXITY::HALSTEAD_LEVEL|HALSTEAD_ERROR_EST::HALSTEAD_LEVEL|HALSTEAD_LENGTH::HALSTEAD_LEVEL|HALSTEAD_LEVEL::LOC_CODE_AND_COMMENT|HALSTEAD_LEVEL::NUM_OPERANDS|HALSTEAD_LEVEL::NUM_UNIQUE_OPERANDS,CALL_PAIRS::HALSTEAD_LEVEL|DECISION_COUNT::HALSTEAD_CONTENT|DECISION_COUNT::LOC_EXECUTABLE|DECISION_COUNT::NORMALIZED_CYLOMATIC_COMPLEXITY|DECISION_COUNT::NUMBER_OF_LINES|DECISION_COUNT::NUM_OPERANDS|ESSENTIAL_COMPLEXITY::HALSTEAD_CONTENT|ESSENTIAL_COMPLEXITY::LOC_EXECUTABLE|HALSTEAD_CONTENT::HALSTEAD_LEVEL|HALSTEAD_DIFFICULTY::HALSTEAD_LEVEL|HALSTEAD_ERROR_EST::HALSTEAD_LEVEL|HALSTEAD_LENGTH::HALSTEAD_LEVEL|HALSTEAD_LEVEL::HALSTEAD_VOLUME|HALSTEAD_LEVEL::LOC_BLANK|HALSTEAD_LEVEL::LOC_EXECUTABLE|HALSTEAD_LEVEL::MULTIPLE_CONDITION_COUNT|HALSTEAD_LEVEL::NORMALIZED_CYLOMATIC_COMPLEXITY|HALSTEAD_LEVEL::NUMBER_OF_LINES|HALSTEAD_LEVEL::NUM_OPERANDS|HALSTEAD_LEVEL::NUM_UNIQUE_OPERANDS,0.0870081693611105,0.0063104535427347,0.0019511373692682,7,0.0,0.0,0.0,0,0.0,0.0,0.0,1.0,0.5355776409107876,0.5186013156118837,0.5010265024262784,0.0536912751677852,0.5355776409107876,0.5186013156118837,0.5010265024262784,0.0536912751677852,0.0,0.0,0.0,0.0,0.5431364315042926,0.5181841813888304,0.5355776409107876,0.5186013156118837,0.5508818589025757,0.52668876668126,0.5551745054124674,0.532099065363186,0.0,True,True,211.68242079997435
realx_benchmark_v1,agnam_realx_semisynthetic_v1,COMPLETE,realx_3902_r03_moderate,3902,pc4,numeric,3,moderate,1.0,1458,37,0.4979423868312757,0.4999999999993118,874,291,293,1165,26161161,26161171,26161181,3,20,20,CALL_PAIRS::EDGE_COUNT|DECISION_DENSITY::LOC_CODE_AND_COMMENT|NODE_COUNT::NUMBER_OF_LINES,CALL_PAIRS::EDGE_COUNT|DECISION_DENSITY::LOC_CODE_AND_COMMENT|NODE_COUNT::NUMBER_OF_LINES,CALL_PAIRS::HALSTEAD_LEVEL|ESSENTIAL_COMPLEXITY::HALSTEAD_LEVEL|HALSTEAD_DIFFICULTY::HALSTEAD_LEVEL|HALSTEAD_ERROR_EST::HALSTEAD_LEVEL|HALSTEAD_LENGTH::HALSTEAD_LEVEL|HALSTEAD_LEVEL::NUM_OPERANDS|HALSTEAD_LEVEL::NUM_UNIQUE_OPERANDS,ESSENTIAL_COMPLEXITY::HALSTEAD_LEVEL|HALSTEAD_LEVEL::NUM_OPERANDS,CALL_PAIRS::EDGE_COUNT|DECISION_DENSITY::LOC_CODE_AND_COMMENT|NODE_COUNT::NUMBER_OF_LINES,ESSENTIAL_COMPLEXITY::LOC_CODE_AND_COMMENT|HALSTEAD_EFFORT::LOC_COMMENTS,CALL_PAIRS::HALSTEAD_LEVEL|ESSENTIAL_COMPLEXITY::HALSTEAD_LEVEL|HALSTEAD_DIFFICULTY::HALSTEAD_LEVEL|HALSTEAD_ERROR_EST::HALSTEAD_LEVEL|HALSTEAD_LENGTH::HALSTEAD_LEVEL|HALSTEAD_LEVEL::NUM_OPERANDS|HALSTEAD_LEVEL::NUM_UNIQUE_OPERANDS,CALL_PAIRS::HALSTEAD_LEVEL|DESIGN_DENSITY::NUM_UNIQUE_OPERATORS|ESSENTIAL_COMPLEXITY::HALSTEAD_LEVEL|ESSENTIAL_DENSITY::NUM_UNIQUE_OPERATORS|HALSTEAD_CONTENT::HALSTEAD_LEVEL|HALSTEAD_DIFFICULTY::HALSTEAD_LEVEL|HALSTEAD_ERROR_EST::HALSTEAD_LEVEL|HALSTEAD_LENGTH::HALSTEAD_LEVEL|HALSTEAD_LENGTH::NUM_UNIQUE_OPERATORS|HALSTEAD_LEVEL::HALSTEAD_PROG_TIME|HALSTEAD_LEVEL::HALSTEAD_VOLUME|HALSTEAD_LEVEL::NORMALIZED_CYLOMATIC_COMPLEXITY|HALSTEAD_LEVEL::NUMBER_OF_LINES|HALSTEAD_LEVEL::NUM_OPERANDS|LOC_BLANK::NUM_UNIQUE_OPERATORS|LOC_EXECUTABLE::NUM_UNIQUE_OPERATORS|MAINTENANCE_SEVERITY::NUM_UNIQUE_OPERATORS|NORMALIZED_CYLOMATIC_COMPLEXITY::NUM_UNIQUE_OPERATORS|NUM_UNIQUE_OPERANDS::NUM_UNIQUE_OPERATORS|NUM_UNIQUE_OPERATORS::PERCENT_COMMENTS,0.1057828995909491,0.0061411825406651,0.000847644804548,7,0.0,0.0,0.0,2,0.0,0.0,0.0,0.7142857142857143,0.5029137529137528,0.5184106209845556,0.5078088578088578,0.6728538283062645,0.509020979020979,0.5218966115302066,0.4968298368298368,0.6727272727272727,0.0061072261072261,0.003485990545651,-0.0109790209790209,-0.0001265555789917,0.5126107226107226,0.5259218507124824,0.5051048951048951,0.5189757193511038,0.5086480186480187,0.5210641099500859,0.5212354312354313,0.5335394982693555,0.0,True,True,185.46963450009932
realx_benchmark_v1,agnam_realx_semisynthetic_v1,COMPLETE,realx_3902_r03_strong,3902,pc4,numeric,3,strong,1.5,1458,37,0.4938271604938271,0.4999999999998077,874,291,293,1165,26161161,26161171,26161181,3,20,20,CALL_PAIRS::EDGE_COUNT|DECISION_DENSITY::LOC_CODE_AND_COMMENT|NODE_COUNT::NUMBER_OF_LINES,CALL_PAIRS::EDGE_COUNT|DECISION_DENSITY::LOC_CODE_AND_COMMENT|NODE_COUNT::NUMBER_OF_LINES,HALSTEAD_LENGTH::NUM_UNIQUE_OPERATORS,HALSTEAD_LENGTH::NUM_UNIQUE_OPERATORS,CALL_PAIRS::EDGE_COUNT|DECISION_DENSITY::LOC_CODE_AND_COMMENT|NODE_COUNT::NUMBER_OF_LINES,HALSTEAD_ERROR_EST::LOC_COMMENTS,HALSTEAD_LENGTH::NUM_UNIQUE_OPERATORS,CALL_PAIRS::NUM_UNIQUE_OPERATORS|CYCLOMATIC_DENSITY::LOC_COMMENTS|DESIGN_DENSITY::EDGE_COUNT|DESIGN_DENSITY::NUM_UNIQUE_OPERATORS|EDGE_COUNT::HALSTEAD_LENGTH|HALSTEAD_CONTENT::HALSTEAD_LEVEL|HALSTEAD_EFFORT::HALSTEAD_LEVEL|HALSTEAD_LENGTH::HALSTEAD_LEVEL|HALSTEAD_LENGTH::NUM_UNIQUE_OPERATORS|HALSTEAD_LEVEL::HALSTEAD_PROG_TIME|HALSTEAD_LEVEL::HALSTEAD_VOLUME|HALSTEAD_LEVEL::LOC_EXECUTABLE|HALSTEAD_LEVEL::MODIFIED_CONDITION_COUNT|HALSTEAD_LEVEL::MULTIPLE_CONDITION_COUNT|HALSTEAD_LEVEL::NORMALIZED_CYLOMATIC_COMPLEXITY|HALSTEAD_LEVEL::PARAMETER_COUNT|HALSTEAD_LEVEL::PERCENT_COMMENTS|LOC_BLANK::LOC_COMMENTS|LOC_EXECUTABLE::NUM_UNIQUE_OPERATORS|NUMBER_OF_LINES::NUM_UNIQUE_OPERATORS,0.0429818482450061,0.0098175406614352,0.0036597334090582,1,0.0,0.0,0.0,1,0.0,0.0,0.0,0.0,0.4525930416938718,0.4619393950855188,0.5058296800671579,0.1454545454545454,0.5020753661039082,0.4950827322944302,0.4979479526163604,0.0774193548387096,0.0494823244100364,0.0331433372089113,-0.0078817274507975,-0.0680351906158357,0.4505876317507695,0.4642403557923578,0.5612582781456953,0.5429525865398688,0.5020753661039082,0.4950827322944302,0.5512312284301837,0.5334804363817154,0.0,True,True,155.9041053999681
realx_benchmark_v1,agnam_realx_semisynthetic_v1,COMPLETE,realx_3902_r04_null,3902,pc4,numeric,4,null,0.0,1458,37,0.4691358024691358,0.4999999999999212,874,291,293,1165,26161261,26161271,26161281,0,20,20,CALL_PAIRS::HALSTEAD_LENGTH|CYCLOMATIC_COMPLEXITY::DECISION_COUNT|LOC_BLANK::NUM_OPERATORS,,BRANCH_COUNT::LOC_TOTAL|LOC_TOTAL::NUM_UNIQUE_OPERANDS,,,,BRANCH_COUNT::LOC_TOTAL|LOC_TOTAL::NUM_UNIQUE_OPERANDS,BRANCH_COUNT::LOC_TOTAL|BRANCH_COUNT::NUMBER_OF_LINES|CYCLOMATIC_DENSITY::LOC_TOTAL|CYCLOMATIC_DENSITY::MAINTENANCE_SEVERITY|CYCLOMATIC_DENSITY::NUMBER_OF_LINES|EDGE_COUNT::LOC_TOTAL|HALSTEAD_CONTENT::LOC_TOTAL|HALSTEAD_CONTENT::NUMBER_OF_LINES|HALSTEAD_DIFFICULTY::LOC_BLANK|HALSTEAD_DIFFICULTY::LOC_TOTAL|LOC_BLANK::NORMALIZED_CYLOMATIC_COMPLEXITY|LOC_TOTAL::MAINTENANCE_SEVERITY|LOC_TOTAL::NODE_COUNT|LOC_TOTAL::NORMALIZED_CYLOMATIC_COMPLEXITY|LOC_TOTAL::NUM_UNIQUE_OPERANDS|MAINTENANCE_SEVERITY::NORMALIZED_CYLOMATIC_COMPLEXITY|NORMALIZED_CYLOMATIC_COMPLEXITY::NUMBER_OF_LINES|NORMALIZED_CYLOMATIC_COMPLEXITY::NUM_OPERATORS|NORMALIZED_CYLOMATIC_COMPLEXITY::NUM_UNIQUE_OPERANDS|NUMBER_OF_LINES::NUM_UNIQUE_OPERANDS,0.0545318597950176,,,2,,,,0,,,,1.0,0.6195945945945945,0.6135329397947448,0.5730195712954333,0.5551601423487544,0.6195945945945945,0.6135329397947448,0.5730195712954333,0.5551601423487544,0.0,0.0,0.0,0.0,0.6195945945945945,0.6135329397947448,0.6195945945945945,0.6135329397947448,0.6265843429636533,0.608007696637289,0.6263513513513513,0.6151086202391816,0.0,True,True,237.0107414000668
realx_benchmark_v1,agnam_realx_semisynthetic_v1,COMPLETE,realx_3902_r04_weak,3902,pc4,numeric,4,weak,0.5,1458,37,0.4622770919067215,0.4999999999998133,874,291,293,1165,26161261,26161271,26161281,3,20,20,CALL_PAIRS::HALSTEAD_LENGTH|CYCLOMATIC_COMPLEXITY::DECISION_COUNT|LOC_BLANK::NUM_OPERATORS,CALL_PAIRS::HALSTEAD_LENGTH|CYCLOMATIC_COMPLEXITY::DECISION_COUNT|LOC_BLANK::NUM_OPERATORS,,,CALL_PAIRS::HALSTEAD_LENGTH|CYCLOMATIC_COMPLEXITY::DECISION_COUNT|LOC_BLANK::NUM_OPERATORS,,,BRANCH_COUNT::NUMBER_OF_LINES|CONDITION_COUNT::CYCLOMATIC_DENSITY|CYCLOMATIC_DENSITY::HALSTEAD_CONTENT|CYCLOMATIC_DENSITY::HALSTEAD_ERROR_EST|CYCLOMATIC_DENSITY::HALSTEAD_PROG_TIME|CYCLOMATIC_DENSITY::LOC_COMMENTS|CYCLOMATIC_DENSITY::MODIFIED_CONDITION_COUNT|CYCLOMATIC_DENSITY::NODE_COUNT|CYCLOMATIC_DENSITY::NUMBER_OF_LINES|DECISION_COUNT::MODIFIED_CONDITION_COUNT|ESSENTIAL_COMPLEXITY::NUM_UNIQUE_OPERANDS|ESSENTIAL_DENSITY::LOC_EXECUTABLE|HALSTEAD_PROG_TIME::MAINTENANCE_SEVERITY|HALSTEAD_PROG_TIME::NODE_COUNT|HALSTEAD_VOLUME::MODIFIED_CONDITION_COUNT|LOC_COMMENTS::NODE_COUNT|LOC_TOTAL::NUMBER_OF_LINES|MAINTENANCE_SEVERITY::NUM_OPERANDS|NUMBER_OF_LINES::NUM_OPERANDS|NUMBER_OF_LINES::NUM_UNIQUE_OPERANDS,0.01849947113105,0.0057397470428058,0.0019487825700916,0,0.0,0.0,0.0,0,0.0,0.0,0.0,,0.5936419695412501,0.5743389876015894,0.5554984583761562,0.5357142857142857,0.5936419695412501,0.5743389876015894,0.5554984583761562,0.5357142857142857,0.0,0.0,0.0,0.0,0.5956040362515183,0.5784865435181817,0.5936419695412501,0.5743389876015894,0.5936419695412501,0.5743389876015894,0.6093385032233953,0.5792076058073112,0.0,True,True,221.7406657999381
realx_benchmark_v1,agnam_realx_semisynthetic_v1,COMPLETE,realx_3902_r04_moderate,3902,pc4,numeric,4,moderate,1.0,1458,37,0.4657064471879287,0.5000000000009938,874,291,293,1165,26161261,26161271,26161281,3,20,20,CALL_PAIRS::HALSTEAD_LENGTH|CYCLOMATIC_COMPLEXITY::DECISION_COUNT|LOC_BLANK::NUM_OPERATORS,CALL_PAIRS::HALSTEAD_LENGTH|CYCLOMATIC_COMPLEXITY::DECISION_COUNT|LOC_BLANK::NUM_OPERATORS,LOC_COMMENTS::NUMBER_OF_LINES,,CALL_PAIRS::HALSTEAD_LENGTH|CYCLOMATIC_COMPLEXITY::DECISION_COUNT|LOC_BLANK::NUM_OPERATORS,,LOC_COMMENTS::NUMBER_OF_LINES,BRANCH_COUNT::HALSTEAD_PROG_TIME|BRANCH_COUNT::NODE_COUNT|BRANCH_COUNT::NUMBER_OF_LINES|BRANCH_COUNT::NUM_OPERANDS|CYCLOMATIC_DENSITY::HALSTEAD_PROG_TIME|CYCLOMATIC_DENSITY::MODIFIED_CONDITION_COUNT|CYCLOMATIC_DENSITY::NODE_COUNT|DECISION_COUNT::HALSTEAD_PROG_TIME|DECISION_COUNT::LOC_TOTAL|DECISION_COUNT::MODIFIED_CONDITION_COUNT|HALSTEAD_EFFORT::HALSTEAD_PROG_TIME|HALSTEAD_PROG_TIME::MAINTENANCE_SEVERITY|HALSTEAD_PROG_TIME::MODIFIED_CONDITION_COUNT|HALSTEAD_PROG_TIME::NODE_COUNT|HALSTEAD_PROG_TIME::NUMBER_OF_LINES|HALSTEAD_VOLUME::MODIFIED_CONDITION_COUNT|LOC_TOTAL::NUMBER_OF_LINES|LOC_TOTAL::PARAMETER_COUNT|MODIFIED_CONDITION_COUNT::PARAMETER_COUNT|NUM_OPERANDS::PARAMETER_COUNT,0.0293297345928924,0.0049130406962531,0.001182119918958,1,0.0,0.0,0.0,0,0.0,0.0,0.0,1.0,0.6022855001873361,0.5507903043873705,0.5746065942300487,0.5441176470588235,0.6022855001873361,0.5507903043873705,0.5746065942300487,0.5441176470588235,0.0,0.0,0.0,0.0,0.603550018733608,0.5531216054699659,0.6022855001873361,0.5507903043873705,0.6001779692768827,0.5499904611861285,0.5945578868490071,0.5566409655711787,0.0,True,True,157.99791449983604
realx_benchmark_v1,agnam_realx_semisynthetic_v1,COMPLETE,realx_3902_r04_strong,3902,pc4,numeric,4,strong,1.5,1458,37,0.4629629629629629,0.5000000000003001,874,291,293,1165,26161261,26161271,26161281,3,20,20,CALL_PAIRS::HALSTEAD_LENGTH|CYCLOMATIC_COMPLEXITY::DECISION_COUNT|LOC_BLANK::NUM_OPERATORS,CALL_PAIRS::HALSTEAD_LENGTH|CYCLOMATIC_COMPLEXITY::DECISION_COUNT|LOC_BLANK::NUM_OPERATORS,,,CALL_PAIRS::HALSTEAD_LENGTH|CYCLOMATIC_COMPLEXITY::DECISION_COUNT|LOC_BLANK::NUM_OPERATORS,,,BRANCH_COUNT::LOC_BLANK|BRANCH_COUNT::PERCENT_COMMENTS|CALL_PAIRS::PERCENT_COMMENTS|CYCLOMATIC_COMPLEXITY::PERCENT_COMMENTS|CYCLOMATIC_DENSITY::PERCENT_COMMENTS|DECISION_DENSITY::PERCENT_COMMENTS|ESSENTIAL_DENSITY::LOC_BLANK|HALSTEAD_CONTENT::PERCENT_COMMENTS|HALSTEAD_LENGTH::PERCENT_COMMENTS|HALSTEAD_PROG_TIME::PERCENT_COMMENTS|HALSTEAD_VOLUME::PERCENT_COMMENTS|LOC_BLANK::MODIFIED_CONDITION_COUNT|LOC_BLANK::NUM_OPERANDS|LOC_TOTAL::PERCENT_COMMENTS|MODIFIED_CONDITION_COUNT::PERCENT_COMMENTS|NODE_COUNT::PERCENT_COMMENTS|NORMALIZED_CYLOMATIC_COMPLEXITY::PERCENT_COMMENTS|NUMBER_OF_LINES::PERCENT_COMMENTS|NUM_OPERATORS::PERCENT_COMMENTS|NUM_UNIQUE_OPERATORS::PERCENT_COMMENTS,0.015519568151147,0.0073858572636495,0.0054473775452457,0,0.0,0.0,0.0,0,0.0,0.0,0.0,,0.6092248857382706,0.5602097304970965,0.5631470944874546,0.5555555555555556,0.6092248857382706,0.5602097304970965,0.5631470944874546,0.5555555555555556,0.0,0.0,0.0,0.0,0.6123495942542674,0.5614182555832592,0.6092248857382706,0.5602097304970965,0.6092248857382706,0.5602097304970965,0.6169200634269192,0.5697915897072621,0.0,True,True,190.29773309989832
realx_benchmark_v1,agnam_realx_semisynthetic_v1,COMPLETE,realx_3902_r05_null,3902,pc4,numeric,5,null,0.0,1458,37,0.5137174211248285,0.5000000000007679,874,291,293,1165,26161361,26161371,26161381,0,20,20,CYCLOMATIC_DENSITY::HALSTEAD_LENGTH|ESSENTIAL_COMPLEXITY::NUM_UNIQUE_OPERANDS|MULTIPLE_CONDITION_COUNT::NUMBER_OF_LINES,,CYCLOMATIC_COMPLEXITY::NORMALIZED_CYLOMATIC_COMPLEXITY|CYCLOMATIC_COMPLEXITY::PARAMETER_COUNT|DECISION_DENSITY::PARAMETER_COUNT|HALSTEAD_CONTENT::PARAMETER_COUNT|HALSTEAD_ERROR_EST::PARAMETER_COUNT|NUM_OPERATORS::PARAMETER_COUNT,,,,CYCLOMATIC_COMPLEXITY::NORMALIZED_CYLOMATIC_COMPLEXITY|CYCLOMATIC_COMPLEXITY::PARAMETER_COUNT|DECISION_DENSITY::PARAMETER_COUNT|HALSTEAD_CONTENT::PARAMETER_COUNT|HALSTEAD_ERROR_EST::PARAMETER_COUNT|NUM_OPERATORS::PARAMETER_COUNT,BRANCH_COUNT::NORMALIZED_CYLOMATIC_COMPLEXITY|BRANCH_COUNT::PARAMETER_COUNT|CALL_PAIRS::PARAMETER_COUNT|CYCLOMATIC_COMPLEXITY::NORMALIZED_CYLOMATIC_COMPLEXITY|CYCLOMATIC_COMPLEXITY::PARAMETER_COUNT|DECISION_COUNT::PARAMETER_COUNT|DECISION_DENSITY::NORMALIZED_CYLOMATIC_COMPLEXITY|DECISION_DENSITY::PARAMETER_COUNT|DESIGN_DENSITY::NORMALIZED_CYLOMATIC_COMPLEXITY|DESIGN_DENSITY::PARAMETER_COUNT|HALSTEAD_CONTENT::NORMALIZED_CYLOMATIC_COMPLEXITY|HALSTEAD_CONTENT::PARAMETER_COUNT|HALSTEAD_ERROR_EST::PARAMETER_COUNT|HALSTEAD_LEVEL::PARAMETER_COUNT|HALSTEAD_VOLUME::PARAMETER_COUNT|LOC_TOTAL::PARAMETER_COUNT|MAINTENANCE_SEVERITY::PARAMETER_COUNT|NORMALIZED_CYLOMATIC_COMPLEXITY::NUM_OPERATORS|NUM_OPERATORS::PARAMETER_COUNT|NUM_UNIQUE_OPERANDS::PARAMETER_COUNT,0.1248106164589736,,,6,,,,0,,,,1.0,0.6314389697648377,0.6493651325800336,0.58251679731243,0.6038961038961039,0.6314389697648377,0.6493651325800336,0.58251679731243,0.6038961038961039,0.0,0.0,0.0,0.0,0.6314389697648377,0.6493651325800336,0.6314389697648377,0.6493651325800336,0.6318122433743935,0.6511197323900815,0.6292926465098917,0.6545931375126219,0.0,True,True,192.09764220006764
realx_benchmark_v1,agnam_realx_semisynthetic_v1,COMPLETE,realx_3902_r05_weak,3902,pc4,numeric,5,weak,0.5,1458,37,0.5061728395061729,0.4999999999997448,874,291,293,1165,26161361,26161371,26161381,3,20,20,CYCLOMATIC_DENSITY::HALSTEAD_LENGTH|ESSENTIAL_COMPLEXITY::NUM_UNIQUE_OPERANDS|MULTIPLE_CONDITION_COUNT::NUMBER_OF_LINES,CYCLOMATIC_DENSITY::HALSTEAD_LENGTH|ESSENTIAL_COMPLEXITY::NUM_UNIQUE_OPERANDS|MULTIPLE_CONDITION_COUNT::NUMBER_OF_LINES,DECISION_DENSITY::PARAMETER_COUNT|PARAMETER_COUNT::PERCENT_COMMENTS,PARAMETER_COUNT::PERCENT_COMMENTS,CYCLOMATIC_DENSITY::HALSTEAD_LENGTH|ESSENTIAL_COMPLEXITY::NUM_UNIQUE_OPERANDS|MULTIPLE_CONDITION_COUNT::NUMBER_OF_LINES,HALSTEAD_EFFORT::MODIFIED_CONDITION_COUNT,DECISION_DENSITY::PARAMETER_COUNT|PARAMETER_COUNT::PERCENT_COMMENTS,BRANCH_COUNT::NORMALIZED_CYLOMATIC_COMPLEXITY|CALL_PAIRS::HALSTEAD_LEVEL|CYCLOMATIC_COMPLEXITY::NORMALIZED_CYLOMATIC_COMPLEXITY|CYCLOMATIC_COMPLEXITY::PARAMETER_COUNT|CYCLOMATIC_DENSITY::NORMALIZED_CYLOMATIC_COMPLEXITY|DECISION_DENSITY::PARAMETER_COUNT|DESIGN_DENSITY::PARAMETER_COUNT|ESSENTIAL_DENSITY::PARAMETER_COUNT|HALSTEAD_CONTENT::NORMALIZED_CYLOMATIC_COMPLEXITY|HALSTEAD_DIFFICULTY::HALSTEAD_LEVEL|HALSTEAD_LENGTH::NORMALIZED_CYLOMATIC_COMPLEXITY|HALSTEAD_LEVEL::PARAMETER_COUNT|HALSTEAD_VOLUME::NORMALIZED_CYLOMATIC_COMPLEXITY|LOC_BLANK::MAINTENANCE_SEVERITY|LOC_BLANK::PERCENT_COMMENTS|LOC_CODE_AND_COMMENT::NORMALIZED_CYLOMATIC_COMPLEXITY|LOC_COMMENTS::NORMALIZED_CYLOMATIC_COMPLEXITY|MODIFIED_CONDITION_COUNT::PARAMETER_COUNT|NORMALIZED_CYLOMATIC_COMPLEXITY::NUM_OPERATORS|PARAMETER_COUNT::PERCENT_COMMENTS,0.0553370606002184,0.0129911315925794,0.0129590855569894,2,0.0,0.0,0.0,1,0.0,0.0,0.0,0.5,0.5951846657316504,0.6333901755628283,0.593080878915381,0.6123778501628665,0.5944834034595605,0.625667071127047,0.5724871435250116,0.5655172413793104,-0.0007012622720898,-0.0077231044357812,-0.0205937353903693,-0.0468606087835561,0.6238896680691912,0.634636798026258,0.5957456755493221,0.622097779962767,0.6021505376344086,0.6377600868005193,0.6129032258064515,0.6250059427042153,0.0,True,True,301.8623634998221
realx_benchmark_v1,agnam_realx_semisynthetic_v1,COMPLETE,realx_3902_r05_moderate,3902,pc4,numeric,5,moderate,1.0,1458,37,0.5068587105624143,0.4999999999997845,874,291,293,1165,26161361,26161371,26161381,3,20,20,CYCLOMATIC_DENSITY::HALSTEAD_LENGTH|ESSENTIAL_COMPLEXITY::NUM_UNIQUE_OPERANDS|MULTIPLE_CONDITION_COUNT::NUMBER_OF_LINES,CYCLOMATIC_DENSITY::HALSTEAD_LENGTH|ESSENTIAL_COMPLEXITY::NUM_UNIQUE_OPERANDS|MULTIPLE_CONDITION_COUNT::NUMBER_OF_LINES,DECISION_DENSITY::NORMALIZED_CYLOMATIC_COMPLEXITY|ESSENTIAL_DENSITY::NORMALIZED_CYLOMATIC_COMPLEXITY|HALSTEAD_LEVEL::NORMALIZED_CYLOMATIC_COMPLEXITY|LOC_CODE_AND_COMMENT::NORMALIZED_CYLOMATIC_COMPLEXITY|NORMALIZED_CYLOMATIC_COMPLEXITY::NUM_UNIQUE_OPERANDS,DECISION_DENSITY::NORMALIZED_CYLOMATIC_COMPLEXITY,CYCLOMATIC_DENSITY::HALSTEAD_LENGTH|ESSENTIAL_COMPLEXITY::NUM_UNIQUE_OPERANDS|MULTIPLE_CONDITION_COUNT::NUMBER_OF_LINES,HALSTEAD_EFFORT::MODIFIED_CONDITION_COUNT,DECISION_DENSITY::NORMALIZED_CYLOMATIC_COMPLEXITY|ESSENTIAL_DENSITY::NORMALIZED_CYLOMATIC_COMPLEXITY|HALSTEAD_LEVEL::NORMALIZED_CYLOMATIC_COMPLEXITY|LOC_CODE_AND_COMMENT::NORMALIZED_CYLOMATIC_COMPLEXITY|NORMALIZED_CYLOMATIC_COMPLEXITY::NUM_UNIQUE_OPERANDS,BRANCH_COUNT::NORMALIZED_CYLOMATIC_COMPLEXITY|CYCLOMATIC_COMPLEXITY::NORMALIZED_CYLOMATIC_COMPLEXITY|CYCLOMATIC_COMPLEXITY::PARAMETER_COUNT|CYCLOMATIC_DENSITY::NORMALIZED_CYLOMATIC_COMPLEXITY|DECISION_DENSITY::NORMALIZED_CYLOMATIC_COMPLEXITY|DESIGN_DENSITY::NORMALIZED_CYLOMATIC_COMPLEXITY|ESSENTIAL_DENSITY::NORMALIZED_CYLOMATIC_COMPLEXITY|HALSTEAD_CONTENT::NORMALIZED_CYLOMATIC_COMPLEXITY|HALSTEAD_EFFORT::NORMALIZED_CYLOMATIC_COMPLEXITY|HALSTEAD_ERROR_EST::NORMALIZED_CYLOMATIC_COMPLEXITY|HALSTEAD_LEVEL::NORMALIZED_CYLOMATIC_COMPLEXITY|HALSTEAD_VOLUME::NORMALIZED_CYLOMATIC_COMPLEXITY|HALSTEAD_VOLUME::PARAMETER_COUNT|LOC_CODE_AND_COMMENT::NORMALIZED_CYLOMATIC_COMPLEXITY|LOC_CODE_AND_COMMENT::PARAMETER_COUNT|LOC_COMMENTS::NORMALIZED_CYLOMATIC_COMPLEXITY|MODIFIED_CONDITION_COUNT::NORMALIZED_CYLOMATIC_COMPLEXITY|NORMALIZED_CYLOMATIC_COMPLEXITY::NUM_OPERANDS|NORMALIZED_CYLOMATIC_COMPLEXITY::NUM_OPERATORS|NORMALIZED_CYLOMATIC_COMPLEXITY::NUM_UNIQUE_OPERANDS,0.0947118763757133,0.0085577638946839,0.005761805753569,5,0.0,0.0,0.0,1,0.0,0.0,0.0,0.8,0.5958263148044171,0.6154863381859991,0.5693898558862063,0.563573883161512,0.5919895189968183,0.6172468327401492,0.5471411192214113,0.5796178343949044,-0.0038367958075987,0.0017604945541501,-0.0222487366647949,0.0160439512333924,0.5902582818641213,0.6112633040017174,0.596387797117724,0.6134054853053458,0.5933464345873105,0.6136160745017578,0.5911940857196332,0.6178347526482219,0.0,True,True,260.713267599931
realx_benchmark_v1,agnam_realx_semisynthetic_v1,COMPLETE,realx_3902_r05_strong,3902,pc4,numeric,5,strong,1.5,1458,37,0.5150891632373114,0.499999999999845,874,291,293,1165,26161361,26161371,26161381,3,20,20,CYCLOMATIC_DENSITY::HALSTEAD_LENGTH|ESSENTIAL_COMPLEXITY::NUM_UNIQUE_OPERANDS|MULTIPLE_CONDITION_COUNT::NUMBER_OF_LINES,CYCLOMATIC_DENSITY::HALSTEAD_LENGTH|ESSENTIAL_COMPLEXITY::NUM_UNIQUE_OPERANDS|MULTIPLE_CONDITION_COUNT::NUMBER_OF_LINES,ESSENTIAL_COMPLEXITY::NORMALIZED_CYLOMATIC_COMPLEXITY|LOC_CODE_AND_COMMENT::NORMALIZED_CYLOMATIC_COMPLEXITY|MULTIPLE_CONDITION_COUNT::NORMALIZED_CYLOMATIC_COMPLEXITY,,CYCLOMATIC_DENSITY::HALSTEAD_LENGTH|ESSENTIAL_COMPLEXITY::NUM_UNIQUE_OPERANDS|MULTIPLE_CONDITION_COUNT::NUMBER_OF_LINES,,ESSENTIAL_COMPLEXITY::NORMALIZED_CYLOMATIC_COMPLEXITY|LOC_CODE_AND_COMMENT::NORMALIZED_CYLOMATIC_COMPLEXITY|MULTIPLE_CONDITION_COUNT::NORMALIZED_CYLOMATIC_COMPLEXITY,BRANCH_COUNT::PARAMETER_COUNT|BRANCH_COUNT::PERCENT_COMMENTS|CALL_PAIRS::PARAMETER_COUNT|CYCLOMATIC_COMPLEXITY::DECISION_DENSITY|CYCLOMATIC_COMPLEXITY::PARAMETER_COUNT|CYCLOMATIC_DENSITY::PARAMETER_COUNT|DECISION_COUNT::PARAMETER_COUNT|DECISION_DENSITY::DESIGN_DENSITY|DECISION_DENSITY::HALSTEAD_VOLUME|DECISION_DENSITY::LOC_CODE_AND_COMMENT|DECISION_DENSITY::PARAMETER_COUNT|HALSTEAD_CONTENT::PARAMETER_COUNT|HALSTEAD_ERROR_EST::PARAMETER_COUNT|HALSTEAD_VOLUME::PARAMETER_COUNT|LOC_BLANK::LOC_COMMENTS|LOC_CODE_AND_COMMENT::PARAMETER_COUNT|LOC_COMMENTS::PARAMETER_COUNT|LOC_TOTAL::PARAMETER_COUNT|MULTIPLE_CONDITION_COUNT::PARAMETER_COUNT|NUM_OPERATORS::PARAMETER_COUNT,0.0541549953314659,0.0078074395637047,0.001801636481618,3,0.0,0.0,0.0,0,0.0,0.0,0.0,1.0,0.5585345311622684,0.6013837473543067,0.5516563728242561,0.4137931034482758,0.5585345311622684,0.6013837473543067,0.5516563728242561,0.4137931034482758,0.0,0.0,0.0,0.0,0.5907261837918771,0.6331725154338386,0.5585345311622684,0.6013837473543067,0.5916151974546136,0.634524329266694,0.5814149354295339,0.616540367665505,0.0,True,True,165.6952301999554
realx_benchmark_v1,agnam_realx_semisynthetic_v1,COMPLETE,realx_3904_r01_null,3904,jm1,numeric,1,null,0.0,5000,21,0.5002,0.4999999999996957,3000,1000,1000,4000,26170961,26170971,26170981,0,20,20,ev(g)::loc|lOCode::t|total_Op::uniq_Op,,b::lOBlank|branchCount::lOBlank|branchCount::v(g)|d::lOBlank|e::lOBlank|ev(g)::lOBlank|i::lOBlank|iv(g)::lOBlank|l::lOBlank|lOBlank::locCodeAndComment|lOBlank::total_Op|lOBlank::uniq_Op|lOBlank::uniq_Opnd|lOBlank::v|lOBlank::v(g),b::lOBlank|lOBlank::v,,iv(g)::lOBlank|iv(g)::lOCode,b::lOBlank|branchCount::lOBlank|branchCount::v(g)|d::lOBlank|e::lOBlank|ev(g)::lOBlank|i::lOBlank|iv(g)::lOBlank|l::lOBlank|lOBlank::locCodeAndComment|lOBlank::total_Op|lOBlank::uniq_Op|lOBlank::uniq_Opnd|lOBlank::v|lOBlank::v(g),b::branchCount|branchCount::d|branchCount::ev(g)|branchCount::i|branchCount::lOBlank|branchCount::lOCode|branchCount::lOComment|branchCount::loc|branchCount::t|branchCount::total_Op|branchCount::uniq_Opnd|branchCount::v(g)|d::lOBlank|e::lOBlank|ev(g)::lOBlank|iv(g)::total_Opnd|l::lOBlank|lOBlank::total_Op|lOBlank::uniq_Op|lOBlank::uniq_Opnd,0.2727857651302001,,,15,,,,2,,,,0.8666666666666667,0.6707068037670574,0.6956487127880231,0.598540905887629,0.4299583911234396,0.6665945928630919,0.6916614341488402,0.6006070215901083,0.43115438108484,-0.0041122109039655,-0.0039872786391829,0.0020661157024792,0.0011959899614004,0.6707068037670574,0.6956487127880231,0.6662962873982958,0.6929637866508279,0.6628027099750144,0.6890875886362814,0.664724678070344,0.6865913360768361,0.0,True,True,836.9585877000354
realx_benchmark_v1,agnam_realx_semisynthetic_v1,COMPLETE,realx_3904_r01_weak,3904,jm1,numeric,1,weak,0.5,5000,21,0.4986,0.5000000000001047,3000,1000,1000,4000,26170961,26170971,26170981,3,20,20,ev(g)::loc|lOCode::t|total_Op::uniq_Op,ev(g)::loc|lOCode::t|total_Op::uniq_Op,b::iv(g)|branchCount::iv(g)|branchCount::lOBlank|d::iv(g)|d::lOBlank|e::iv(g)|iv(g)::lOBlank|iv(g)::total_Op|lOBlank::locCodeAndComment|lOBlank::total_Op|lOBlank::uniq_Op|lOBlank::uniq_Opnd|lOBlank::v,e::iv(g)|iv(g)::lOBlank,ev(g)::loc|lOCode::t|total_Op::uniq_Op,iv(g)::lOBlank|iv(g)::lOCode,b::iv(g)|branchCount::iv(g)|branchCount::lOBlank|d::iv(g)|d::lOBlank|e::iv(g)|iv(g)::lOBlank|iv(g)::total_Op|lOBlank::locCodeAndComment|lOBlank::total_Op|lOBlank::uniq_Op|lOBlank::uniq_Opnd|lOBlank::v,b::iv(g)|branchCount::ev(g)|branchCount::lOBlank|branchCount::lOCode|d::iv(g)|e::iv(g)|e::lOBlank|ev(g)::iv(g)|i::iv(g)|i::lOBlank|iv(g)::lOBlank|iv(g)::lOCode|iv(g)::n|iv(g)::t|iv(g)::total_Op|lOBlank::loc|lOBlank::locCodeAndComment|lOBlank::t|lOBlank::total_Op|lOBlank::uniq_Op,0.1700334611624934,0.0223822209495259,0.0149960558427051,13,0.0,0.0,0.0,2,0.0,0.0,0.0,0.8461538461538461,0.6719968455268932,0.6956146185832308,0.6106187250804631,0.4671140939597315,0.6695229059582712,0.6936043772119656,0.5934452610846904,0.4195804195804196,-0.0024739395686219,-0.0020102413712652,-0.0171734639957726,-0.0475336743793119,0.6710240828809786,0.6955706379395533,0.6703635650349875,0.6943900269366298,0.6675613681126003,0.689642278485634,0.6682338953739733,0.6918959178612809,0.0,True,True,748.7759732000995
realx_benchmark_v1,agnam_realx_semisynthetic_v1,COMPLETE,realx_3904_r01_moderate,3904,jm1,numeric,1,moderate,1.0,5000,21,0.4986,0.4999999999994932,3000,1000,1000,4000,26170961,26170971,26170981,3,20,20,ev(g)::loc|lOCode::t|total_Op::uniq_Op,ev(g)::loc|lOCode::t|total_Op::uniq_Op,b::lOBlank|branchCount::ev(g)|branchCount::lOBlank|branchCount::loc|branchCount::locCodeAndComment|branchCount::uniq_Opnd|ev(g)::lOBlank|i::lOBlank|iv(g)::lOBlank|l::lOBlank|lOBlank::lOComment|lOBlank::loc|lOBlank::total_Opnd|lOBlank::uniq_Op|lOBlank::uniq_Opnd|lOBlank::v|lOBlank::v(g),branchCount::lOBlank|i::lOBlank,ev(g)::loc|lOCode::t|total_Op::uniq_Op,iv(g)::lOBlank|iv(g)::lOCode,b::lOBlank|branchCount::ev(g)|branchCount::lOBlank|branchCount::loc|branchCount::locCodeAndComment|branchCount::uniq_Opnd|ev(g)::lOBlank|i::lOBlank|iv(g)::lOBlank|l::lOBlank|lOBlank::lOComment|lOBlank::loc|lOBlank::total_Opnd|lOBlank::uniq_Op|lOBlank::uniq_Opnd|lOBlank::v|lOBlank::v(g),branchCount::ev(g)|branchCount::i|branchCount::lOBlank|branchCount::lOCode|branchCount::loc|branchCount::total_Op|branchCount::uniq_Opnd|ev(g)::lOBlank|i::iv(g)|i::uniq_Opnd|iv(g)::lOBlank|iv(g)::total_Op|l::lOBlank|lOBlank::lOComment|lOBlank::loc|lOBlank::total_Opnd|lOBlank::uniq_Op|lOBlank::uniq_Opnd|lOBlank::v|total_Op::uniq_Opnd,0.2570472440164255,0.0205741241844896,0.0046853328848457,17,0.0,0.0,0.0,2,0.0,0.0,0.0,0.8823529411764706,0.6640756504592892,0.6912025958099731,0.6197678705974767,0.6493506493506493,0.6588775870084485,0.6877007170420046,0.6197117619711762,0.5446009389671361,-0.0051980634508407,-0.0035018787679684,-5.610862630056612e-05,-0.1047497103835132,0.6627290434280768,0.691144386740044,0.6639995030378814,0.6930786238463051,0.6610057070488464,0.6921914372520457,0.6654943971528879,0.6926403943311517,0.0,True,True,871.6357659001369
realx_benchmark_v1,agnam_realx_semisynthetic_v1,COMPLETE,realx_3904_r01_strong,3904,jm1,numeric,1,strong,1.5,5000,21,0.4992,0.4999999999999974,3000,1000,1000,4000,26170961,26170971,26170981,3,20,20,ev(g)::loc|lOCode::t|total_Op::uniq_Op,ev(g)::loc|lOCode::t|total_Op::uniq_Op,branchCount::lOBlank|d::ev(g)|ev(g)::i|ev(g)::iv(g)|ev(g)::l|ev(g)::lOBlank|ev(g)::uniq_Op|iv(g)::lOBlank|iv(g)::loc|iv(g)::uniq_Op|lOBlank::loc|lOBlank::uniq_Op|lOBlank::uniq_Opnd,d::ev(g)|ev(g)::lOBlank,ev(g)::loc|lOCode::t|total_Op::uniq_Op,iv(g)::lOBlank|iv(g)::lOCode,branchCount::lOBlank|d::ev(g)|ev(g)::i|ev(g)::iv(g)|ev(g)::l|ev(g)::lOBlank|ev(g)::uniq_Op|iv(g)::lOBlank|iv(g)::loc|iv(g)::uniq_Op|lOBlank::loc|lOBlank::uniq_Op|lOBlank::uniq_Opnd,branchCount::ev(g)|branchCount::i|branchCount::lOBlank|branchCount::loc|d::loc|ev(g)::i|ev(g)::iv(g)|ev(g)::uniq_Op|ev(g)::v(g)|i::loc|i::uniq_Opnd|iv(g)::loc|iv(g)::total_Op|l::lOBlank|lOBlank::locCodeAndComment|lOBlank::total_Op|lOBlank::uniq_Op|lOBlank::uniq_Opnd|loc::uniq_Op|loc::uniq_Opnd,0.1997945023561722,0.0620754748915483,0.0464897678807304,13,0.0,0.0,0.0,2,0.0,0.0,0.0,0.8461538461538461,0.6489297835553278,0.6675565484018395,0.6058689805327868,0.6137254901960785,0.6505507172131147,0.6696522609603255,0.5961834016393442,0.6311926605504588,0.0016209336577869,0.0020957125584859,-0.0096855788934425,0.0174671703543802,0.6449915151127049,0.6672239184440243,0.6465684234118851,0.666354549006628,0.6488417328381147,0.6700872510346058,0.6402087602459017,0.6626422307716066,0.0,True,True,775.9381778000388
realx_benchmark_v1,agnam_realx_semisynthetic_v1,COMPLETE,realx_3904_r02_null,3904,jm1,numeric,2,null,0.0,5000,21,0.4906,0.4999999999995683,3000,1000,1000,4000,26171061,26171071,26171081,0,20,20,b::lOComment|e::n|i::total_Op,,branchCount::loc|i::loc|loc::uniq_Opnd,i::loc,,total_Op::v(g),branchCount::loc|i::loc|loc::uniq_Opnd,branchCount::i|branchCount::l|branchCount::loc|branchCount::locCodeAndComment|branchCount::total_Op|branchCount::uniq_Opnd|i::l|i::lOBlank|i::lOComment|i::loc|i::uniq_Op|iv(g)::loc|l::loc|l::uniq_Op|lOComment::uniq_Op|loc::locCodeAndComment|loc::total_Op|loc::uniq_Opnd|loc::v(g)|uniq_Opnd::v(g),0.0862559564646851,,,3,,,,1,,,,0.6666666666666666,0.6087657331875649,0.5680507827183017,0.5767086752285642,0.5388828039430449,0.6137675152476263,0.5735365452815173,0.5765985479213971,0.5751503006012024,0.0050017820600614,0.0054857625632156,-0.000110127307167,0.0362674966581575,0.6087657331875648,0.5680455116677023,0.6136513809964319,0.5732891714364301,0.6162844247950631,0.5745669958817171,0.6137474921008688,0.5645648172960613,0.0,True,True,456.6475096000359
realx_benchmark_v1,agnam_realx_semisynthetic_v1,COMPLETE,realx_3904_r02_weak,3904,jm1,numeric,2,weak,0.5,5000,21,0.4882,0.4999999999997344,3000,1000,1000,4000,26171061,26171071,26171081,3,20,20,b::lOComment|e::n|i::total_Op,b::lOComment|e::n|i::total_Op,branchCount::lOComment|branchCount::loc|e::loc|i::loc|i::uniq_Op|l::loc|lOBlank::loc|lOCode::loc|lOComment::loc|loc::n|loc::total_Op|loc::uniq_Op|loc::uniq_Opnd,i::uniq_Op|lOCode::loc|loc::n,b::lOComment|e::n|i::total_Op,branchCount::v(g)|l::total_Op|total_Op::v(g),branchCount::lOComment|branchCount::loc|e::loc|i::loc|i::uniq_Op|l::loc|lOBlank::loc|lOCode::loc|lOComment::loc|loc::n|loc::total_Op|loc::uniq_Op|loc::uniq_Opnd,branchCount::d|branchCount::loc|branchCount::uniq_Opnd|d::loc|d::uniq_Opnd|e::loc|ev(g)::uniq_Op|ev(g)::uniq_Opnd|i::loc|i::uniq_Op|iv(g)::lOCode|iv(g)::lOComment|iv(g)::uniq_Op|iv(g)::uniq_Opnd|l::uniq_Opnd|lOCode::lOComment|lOComment::locCodeAndComment|lOComment::t|loc::uniq_Opnd|uniq_Op::uniq_Opnd,0.2005299417064122,0.0167164186312698,0.0027126599625359,13,0.0,0.0,0.0,3,0.0,0.0,0.0,0.7692307692307693,0.6033908882879134,0.5754316108378029,0.5667056056072074,0.5874524714828897,0.5967059256532941,0.5753247550124051,0.5594925669296379,0.6311407160699417,-0.0066849626346193,-0.0001068558253978,-0.0072130386775695,0.043688244587052,0.5969499607943544,0.5749581957079645,0.59648389368069,0.5745992422163562,0.5988582355859244,0.575080920903336,0.6041670000480068,0.5818475258170193,0.0,True,True,496.0822258000262
realx_benchmark_v1,agnam_realx_semisynthetic_v1,COMPLETE,realx_3904_r02_moderate,3904,jm1,numeric,2,moderate,1.0,5000,21,0.4908,0.5000000000004595,3000,1000,1000,4000,26171061,26171071,26171081,3,20,20,b::lOComment|e::n|i::total_Op,b::lOComment|e::n|i::total_Op,b::loc|d::lOComment|i::lOComment|i::loc|l::lOComment|l::loc|lOComment::loc|loc::uniq_Opnd,i::lOComment|l::lOComment|lOComment::loc,b::lOComment|e::n|i::total_Op,branchCount::v(g)|l::total_Op|total_Op::v(g),b::loc|d::lOComment|i::lOComment|i::loc|l::lOComment|l::loc|lOComment::loc|loc::uniq_Opnd,b::i|b::lOComment|b::loc|d::i|d::iv(g)|d::l|d::lOBlank|d::lOComment|d::loc|d::total_Opnd|i::lOComment|i::loc|i::total_Opnd|i::uniq_Opnd|l::loc|lOComment::loc|lOComment::uniq_Opnd|loc::total_Op|loc::total_Opnd|loc::uniq_Opnd,0.1456199394279889,0.0455227110785764,0.0398900550855029,8,0.0,0.0,0.0,3,0.0,0.0,0.0,0.625,0.6112497799964799,0.598096125053361,0.5698491175858813,0.5520833333333334,0.5849013584217347,0.5627801185524135,0.5546968751500023,0.6194539249146758,-0.0263484215747451,-0.0353160065009474,-0.0151522424358789,0.0673705915813424,0.5845053520856334,0.5625576792144146,0.5847133554136866,0.5622918937305984,0.5788292612681804,0.5645827241310163,0.5811372981967712,0.567467787404437,0.0,True,True,381.755788099952
realx_benchmark_v1,agnam_realx_semisynthetic_v1,COMPLETE,realx_3904_r02_strong,3904,jm1,numeric,2,strong,1.5,5000,21,0.492,0.5000000000000006,3000,1000,1000,4000,26171061,26171071,26171081,3,20,20,b::lOComment|e::n|i::total_Op,b::lOComment|e::n|i::total_Op,b::lOComment|e::uniq_Opnd|i::lOComment|i::uniq_Opnd|l::lOComment|l::uniq_Opnd|lOComment::loc|lOComment::uniq_Opnd|total_Op::uniq_Opnd,b::lOComment|i::lOComment,b::lOComment|e::n|i::total_Op,l::total_Op|total_Op::v(g),b::lOComment|e::uniq_Opnd|i::lOComment|i::uniq_Opnd|l::lOComment|l::uniq_Opnd|lOComment::loc|lOComment::uniq_Opnd|total_Op::uniq_Opnd,b::branchCount|b::l|b::lOComment|b::uniq_Opnd|branchCount::i|branchCount::l|branchCount::uniq_Op|branchCount::uniq_Opnd|i::uniq_Op|i::uniq_Opnd|l::lOComment|l::uniq_Op|l::uniq_Opnd|l::v|lOComment::loc|lOComment::total_Op|lOComment::uniq_Opnd|loc::uniq_Opnd|total_Op::uniq_Opnd|uniq_Op::uniq_Opnd,0.1598861934225961,0.0385900694710371,0.0202880001837647,9,0.1111111111111111,0.3333333333333333,0.1666666666666666,2,0.5,0.3333333333333333,0.4,0.875,0.6065826582658266,0.589489435894685,0.5688268826882688,0.6321155480033984,0.5642124212421242,0.539988562917425,0.5533553355335533,0.6616541353383458,-0.0423702370237023,-0.04950087297726,-0.0154715471547154,0.0295385873349474,0.5807820782078208,0.5550051836947443,0.5866826682668267,0.5639203226522702,0.5815701570157016,0.5583422399664394,0.5631683168316832,0.5365793428033245,0.0,True,True,398.2759834001772
realx_benchmark_v1,agnam_realx_semisynthetic_v1,COMPLETE,realx_3904_r03_null,3904,jm1,numeric,3,null,0.0,5000,21,0.4922,0.5000000000000187,3000,1000,1000,4000,26171161,26171171,26171181,0,20,20,b::uniq_Op|branchCount::ev(g)|lOBlank::uniq_Opnd,,d::ev(g)|d::i|d::iv(g)|d::l|d::lOComment|d::locCodeAndComment|d::total_Opnd|d::uniq_Opnd|d::v(g)|ev(g)::uniq_Opnd|i::l|l::loc|l::uniq_Opnd,d::ev(g),,branchCount::lOComment,d::ev(g)|d::i|d::iv(g)|d::l|d::lOComment|d::locCodeAndComment|d::total_Opnd|d::uniq_Opnd|d::v(g)|ev(g)::uniq_Opnd|i::l|l::loc|l::uniq_Opnd,branchCount::uniq_Opnd|d::ev(g)|d::i|d::iv(g)|d::lOBlank|d::lOCode|d::lOComment|d::locCodeAndComment|d::n|d::uniq_Opnd|ev(g)::locCodeAndComment|ev(g)::total_Op|ev(g)::uniq_Opnd|i::l|i::uniq_Op|i::uniq_Opnd|l::uniq_Opnd|n::uniq_Opnd|total_Op::uniq_Opnd|uniq_Opnd::v(g),0.2691277947117769,,,13,,,,1,,,,0.9230769230769232,0.6621987739925635,0.5978849862269717,0.6252336448598131,0.6578249336870027,0.6752426891769672,0.6003935939026642,0.6391216963119284,0.6227795193312434,0.0130439151844036,0.0025086076756924,0.0138880514521152,-0.0350454143557592,0.6621987739925635,0.5978849862269717,0.6570776806351121,0.5887262719157165,0.6654828660436137,0.6028646503571425,0.6578615214551301,0.5891658016783907,0.0,True,True,1024.9907744000666
realx_benchmark_v1,agnam_realx_semisynthetic_v1,COMPLETE,realx_3904_r03_weak,3904,jm1,numeric,3,weak,0.5,5000,21,0.5012,0.5000000000002216,3000,1000,1000,4000,26171161,26171171,26171181,3,20,20,b::uniq_Op|branchCount::ev(g)|lOBlank::uniq_Opnd,b::uniq_Op|branchCount::ev(g)|lOBlank::uniq_Opnd,d::e|d::i|d::iv(g)|d::l|d::loc|d::n|d::total_Opnd|d::uniq_Opnd|d::v|i::l|i::uniq_Op|l::uniq_Op|l::uniq_Opnd,,b::uniq_Op|branchCount::ev(g)|lOBlank::uniq_Opnd,,d::e|d::i|d::iv(g)|d::l|d::loc|d::n|d::total_Opnd|d::uniq_Opnd|d::v|i::l|i::uniq_Op|l::uniq_Op|l::uniq_Opnd,branchCount::d|d::e|d::i|d::iv(g)|d::l|d::loc|d::n|d::t|d::total_Op|d::total_Opnd|d::uniq_Opnd|d::v|d::v(g)|i::l|i::loc|i::uniq_Op|l::loc|l::uniq_Opnd|total_Op::uniq_Opnd|uniq_Opnd::v(g),0.2081278356895055,0.0313731905842455,0.0212348208314359,13,0.0,0.0,0.0,0,0.0,0.0,0.0,1.0,0.616815870112785,0.5488578217615017,0.592746787312894,0.598825831702544,0.616815870112785,0.5488578217615017,0.592746787312894,0.598825831702544,0.0,0.0,0.0,0.0,0.6169642713898382,0.5433778951673006,0.616815870112785,0.5488578217615017,0.6384583914905906,0.572739686300257,0.6193547352039916,0.5488940208319029,0.0,True,True,456.451379199978
realx_benchmark_v1,agnam_realx_semisynthetic_v1,COMPLETE,realx_3904_r03_moderate,3904,jm1,numeric,3,moderate,1.0,5000,21,0.5016,0.5000000000008739,3000,1000,1000,4000,26171161,26171171,26171181,3,20,20,b::uniq_Op|branchCount::ev(g)|lOBlank::uniq_Opnd,b::uniq_Op|branchCount::ev(g)|lOBlank::uniq_Opnd,branchCount::ev(g)|d::ev(g)|d::i|d::l|d::uniq_Opnd|ev(g)::l|ev(g)::uniq_Opnd|i::l|l::loc|l::uniq_Opnd|total_Op::uniq_Opnd,ev(g)::uniq_Opnd|l::uniq_Opnd,b::uniq_Op|branchCount::ev(g)|lOBlank::uniq_Opnd,e::uniq_Opnd|lOComment::total_Opnd,branchCount::ev(g)|d::ev(g)|d::i|d::l|d::uniq_Opnd|ev(g)::l|ev(g)::uniq_Opnd|i::l|l::loc|l::uniq_Opnd|total_Op::uniq_Opnd,b::uniq_Opnd|branchCount::d|branchCount::ev(g)|branchCount::uniq_Opnd|d::ev(g)|d::i|d::lOComment|d::uniq_Opnd|d::v(g)|ev(g)::i|ev(g)::l|ev(g)::lOComment|ev(g)::n|ev(g)::uniq_Opnd|ev(g)::v(g)|i::l|iv(g)::uniq_Opnd|l::uniq_Opnd|lOComment::uniq_Opnd|total_Op::uniq_Opnd,0.1787563901415894,0.0743891920726109,0.0406398242727945,11,0.0909090909090909,0.3333333333333333,0.1428571428571428,2,0.0,0.0,0.0,0.8,0.6579386036969214,0.5930791532508629,0.627575042374749,0.6707105719237435,0.6631237502955213,0.6048663431924105,0.6010061748925104,0.6628194558944766,0.0051851465985999,0.0117871899415475,-0.0265688674822386,-0.0078911160292669,0.6524328916208192,0.5849982401364993,0.645709030730208,0.5786460236186093,0.698073401480211,0.6376851264233572,0.6880397020343886,0.6330747464769956,0.0,True,True,1019.4977702000178
realx_benchmark_v1,agnam_realx_semisynthetic_v1,COMPLETE,realx_3904_r03_strong,3904,jm1,numeric,3,strong,1.5,5000,21,0.5044,0.5000000000001975,3000,1000,1000,4000,26171161,26171171,26171181,3,20,20,b::uniq_Op|branchCount::ev(g)|lOBlank::uniq_Opnd,b::uniq_Op|branchCount::ev(g)|lOBlank::uniq_Opnd,d::i|d::l|d::lOComment|d::uniq_Opnd|i::l|i::uniq_Opnd|l::uniq_Opnd|total_Op::uniq_Opnd,,b::uniq_Op|branchCount::ev(g)|lOBlank::uniq_Opnd,,d::i|d::l|d::lOComment|d::uniq_Opnd|i::l|i::uniq_Opnd|l::uniq_Opnd|total_Op::uniq_Opnd,branchCount::d|d::ev(g)|d::i|d::lOComment|d::uniq_Opnd|ev(g)::i|ev(g)::l|ev(g)::lOCode|ev(g)::lOComment|ev(g)::total_Op|ev(g)::uniq_Opnd|i::l|i::lOBlank|i::uniq_Op|l::lOComment|l::total_Op|l::uniq_Op|l::uniq_Opnd|lOComment::uniq_Opnd|total_Op::uniq_Opnd,0.1972501512824093,0.0320092903261372,0.0087944241784778,8,0.0,0.0,0.0,0,0.0,0.0,0.0,1.0,0.6562680103739755,0.6097829136907809,0.6250960553278688,0.6606822262118492,0.6562680103739755,0.6097829136907809,0.6250960553278688,0.6606822262118492,0.0,0.0,0.0,0.0,0.6721851786629098,0.6271163458514872,0.6562680103739755,0.6097829136907809,0.675567126664959,0.6258011664954677,0.6594618500256149,0.5922789680527211,0.0,True,True,1083.6000357000155
realx_benchmark_v1,agnam_realx_semisynthetic_v1,COMPLETE,realx_3904_r04_null,3904,jm1,numeric,4,null,0.0,5000,21,0.4994,0.4999999999991518,3000,1000,1000,4000,26171261,26171271,26171281,0,20,20,b::n|iv(g)::lOComment|l::v,,branchCount::lOBlank|l::lOBlank,,,,branchCount::lOBlank|l::lOBlank,b::total_Opnd|branchCount::lOBlank|branchCount::uniq_Op|d::lOBlank|e::lOBlank|e::uniq_Op|ev(g)::uniq_Op|i::lOBlank|l::lOBlank|l::uniq_Op|lOBlank::lOCode|lOBlank::t|locCodeAndComment::total_Opnd|locCodeAndComment::uniq_Op|n::total_Opnd|total_Op::total_Opnd|total_Op::uniq_Op|total_Opnd::uniq_Op|total_Opnd::uniq_Opnd|total_Opnd::v,0.0691898744530323,,,2,,,,0,,,,1.0,0.6084355920328295,0.6260094940959561,0.5900910819737764,0.5654008438818565,0.6084355920328295,0.6260094940959561,0.5900910819737764,0.5654008438818565,0.0,0.0,0.0,0.0,0.6084355920328295,0.6260094940959561,0.6084355920328295,0.6260094940959561,0.6016614953458113,0.6241278779329167,0.6172355119607646,0.6355299570323794,0.0,True,True,411.5046773001086
realx_benchmark_v1,agnam_realx_semisynthetic_v1,COMPLETE,realx_3904_r04_weak,3904,jm1,numeric,4,weak,0.5,5000,21,0.5004,0.5000000000006859,3000,1000,1000,4000,26171261,26171271,26171281,3,20,20,b::n|iv(g)::lOComment|l::v,b::n|iv(g)::lOComment|l::v,b::lOBlank|d::lOBlank|d::uniq_Op|e::lOBlank|ev(g)::uniq_Op|i::l|i::uniq_Op|iv(g)::uniq_Op|l::lOBlank|l::uniq_Op|lOBlank::lOComment|lOBlank::loc|lOBlank::uniq_Op|lOBlank::v(g),b::lOBlank|e::lOBlank|lOBlank::lOComment,b::n|iv(g)::lOComment|l::v,branchCount::lOCode|i::n|lOCode::locCodeAndComment,b::lOBlank|d::lOBlank|d::uniq_Op|e::lOBlank|ev(g)::uniq_Op|i::l|i::uniq_Op|iv(g)::uniq_Op|l::lOBlank|l::uniq_Op|lOBlank::lOComment|lOBlank::loc|lOBlank::uniq_Op|lOBlank::v(g),b::lOBlank|d::lOBlank|e::lOBlank|e::total_Opnd|ev(g)::uniq_Op|i::l|i::uniq_Op|iv(g)::total_Opnd|iv(g)::uniq_Op|l::lOBlank|l::total_Opnd|lOBlank::lOCode|lOBlank::lOComment|lOBlank::loc|lOBlank::t|lOBlank::total_Op|lOBlank::total_Opnd|lOBlank::uniq_Op|lOBlank::uniq_Opnd|lOBlank::v(g),0.2765213973141082,0.0181956577761088,0.0055109879930229,14,0.0,0.0,0.0,3,0.0,0.0,0.0,0.7857142857142857,0.5911060953501495,0.6115414889266118,0.5707902624870438,0.6163522012578616,0.5873482765658579,0.6083934327647067,0.5820176965651376,0.5869565217391305,-0.0037578187842916,-0.003148056161905,0.0112274340780937,-0.0293956795187311,0.5876724334577936,0.6087190675640484,0.5872582329847646,0.6081688947223212,0.5907379171519015,0.6130664908601526,0.593607305936073,0.6130550411412081,0.0,True,True,492.647714599967
realx_benchmark_v1,agnam_realx_semisynthetic_v1,COMPLETE,realx_3904_r04_moderate,3904,jm1,numeric,4,moderate,1.0,5000,21,0.4974,0.500000000000199,3000,1000,1000,4000,26171261,26171271,26171281,3,20,20,b::n|iv(g)::lOComment|l::v,b::n|iv(g)::lOComment|l::v,d::i|d::l|d::lOBlank|d::uniq_Op|i::l|i::lOBlank|i::uniq_Op|i::uniq_Opnd|iv(g)::lOBlank|lOBlank::uniq_Op,,b::n|iv(g)::lOComment|l::v,,d::i|d::l|d::lOBlank|d::uniq_Op|i::l|i::lOBlank|i::uniq_Op|i::uniq_Opnd|iv(g)::lOBlank|lOBlank::uniq_Op,branchCount::lOBlank|d::lOBlank|d::total_Opnd|d::uniq_Op|e::lOBlank|e::total_Opnd|ev(g)::l|ev(g)::lOComment|i::iv(g)|i::lOBlank|i::total_Opnd|i::uniq_Op|iv(g)::l|lOBlank::lOCode|lOBlank::lOComment|lOBlank::t|lOBlank::total_Opnd|lOBlank::uniq_Op|lOBlank::uniq_Opnd|total_Opnd::uniq_Opnd,0.1834839996604702,0.0288617656563611,0.0183250479759855,10,0.0,0.0,0.0,0,0.0,0.0,0.0,1.0,0.6154253872247823,0.6023769395016378,0.5823892729134665,0.5462459194776932,0.6154253872247823,0.6023769395016378,0.5823892729134665,0.5462459194776932,0.0,0.0,0.0,0.0,0.6154413882488479,0.6008872801001073,0.6154253872247823,0.6023769395016378,0.6152213741679468,0.603190281471705,0.6151973726318485,0.6050172165443225,0.0,True,True,566.1451954001095
realx_benchmark_v1,agnam_realx_semisynthetic_v1,COMPLETE,realx_3904_r04_strong,3904,jm1,numeric,4,strong,1.5,5000,21,0.4954,0.5000000000008651,3000,1000,1000,4000,26171261,26171271,26171281,3,20,20,b::n|iv(g)::lOComment|l::v,b::n|iv(g)::lOComment|l::v,d::i|d::l|d::uniq_Op|i::iv(g)|i::l|i::lOComment|i::total_Op|i::uniq_Op|iv(g)::lOBlank|iv(g)::lOComment|lOBlank::uniq_Op,i::iv(g)|i::total_Op,b::n|iv(g)::lOComment|l::v,branchCount::lOCode|i::n,d::i|d::l|d::uniq_Op|i::iv(g)|i::l|i::lOComment|i::total_Op|i::uniq_Op|iv(g)::lOBlank|iv(g)::lOComment|lOBlank::uniq_Op,branchCount::i|branchCount::l|d::l|d::total_Opnd|d::uniq_Op|i::l|i::lOBlank|i::lOComment|i::total_Op|i::total_Opnd|i::uniq_Op|i::v|i::v(g)|iv(g)::lOBlank|iv(g)::lOComment|iv(g)::total_Opnd|iv(g)::uniq_Op|iv(g)::v|iv(g)::v(g)|l::total_Opnd,0.1850479585773703,0.0616980724357358,0.0780172546857413,11,0.0909090909090909,0.3333333333333333,0.1428571428571428,2,0.0,0.0,0.0,0.8,0.6159555955595559,0.6068154682836694,0.5847484748474847,0.4981949458483754,0.6258085808580858,0.6184950904403614,0.5866686668666867,0.602502406159769,0.0098529852985298,0.011679622156692,0.001920192019202,0.1043074603113936,0.614127412741274,0.6051468645910071,0.6257605760576058,0.6183496126167197,0.616011601160116,0.6126010113830684,0.6122352235223523,0.6054856452487012,0.0,True,True,521.972041899804
realx_benchmark_v1,agnam_realx_semisynthetic_v1,COMPLETE,realx_3904_r05_null,3904,jm1,numeric,5,null,0.0,5000,21,0.4994,0.5000000000008514,3000,1000,1000,4000,26171361,26171371,26171381,0,20,20,branchCount::total_Op|e::ev(g)|iv(g)::total_Opnd,,b::d|branchCount::i|d::ev(g)|d::i|d::l|d::lOBlank|d::lOCode|d::lOComment|d::loc|d::total_Op|d::uniq_Op|d::uniq_Opnd|d::v,b::d|d::v,,branchCount::ev(g)|ev(g)::total_Op,b::d|branchCount::i|d::ev(g)|d::i|d::l|d::lOBlank|d::lOCode|d::lOComment|d::loc|d::total_Op|d::uniq_Op|d::uniq_Opnd|d::v,b::d|branchCount::ev(g)|branchCount::i|branchCount::l|branchCount::lOComment|branchCount::loc|d::ev(g)|d::i|d::l|d::lOBlank|d::lOCode|d::lOComment|d::loc|d::n|d::t|d::total_Op|d::uniq_Op|d::uniq_Opnd|d::v|d::v(g),0.2338594003294547,,,13,,,,2,,,,0.8461538461538461,0.6457484607773625,0.7009924934800511,0.5965333942212555,0.5753138075313807,0.6503831532733266,0.7047822227442919,0.6140546949795505,0.5462962962962963,0.0046346924959641,0.0037897292642408,0.0175213007582949,-0.0290175112350844,0.6457484607773625,0.7009924934800511,0.6472866819687628,0.7012047295114343,0.653199219673208,0.7049159387009702,0.6521256694667099,0.7025411068915759,0.0,True,True,831.5335359000601
realx_benchmark_v1,agnam_realx_semisynthetic_v1,COMPLETE,realx_3904_r05_weak,3904,jm1,numeric,5,weak,0.5,5000,21,0.5074,0.4999999999995838,3000,1000,1000,4000,26171361,26171371,26171381,3,20,20,branchCount::total_Op|e::ev(g)|iv(g)::total_Opnd,branchCount::total_Op|e::ev(g)|iv(g)::total_Opnd,b::d|d::i|d::lOBlank|d::lOComment|d::locCodeAndComment|d::t|d::uniq_Op|d::v|d::v(g),d::i|d::v,branchCount::total_Op|e::ev(g)|iv(g)::total_Opnd,branchCount::ev(g)|ev(g)::total_Op,b::d|d::i|d::lOBlank|d::lOComment|d::locCodeAndComment|d::t|d::uniq_Op|d::v|d::v(g),b::d|branchCount::d|d::ev(g)|d::i|d::iv(g)|d::lOBlank|d::lOCode|d::lOComment|d::loc|d::locCodeAndComment|d::n|d::t|d::total_Op|d::uniq_Op|d::uniq_Opnd|d::v|d::v(g)|lOBlank::n|n::total_Op|total_Opnd::v(g),0.1398701255662206,0.0141825413158101,0.0019678592730992,9,0.0,0.0,0.0,2,0.0,0.0,0.0,0.7777777777777778,0.6316601991902638,0.6896030915113226,0.6116851079848304,0.5549263873159683,0.6336304768312169,0.6905450651754762,0.6040302589793801,0.5565410199556541,0.001970277640953,0.0009419736641536,-0.0076548490054503,0.0016146326396857,0.6310915418223466,0.6864127749369205,0.6311956621854864,0.6886711598701746,0.6323650139561332,0.6894890292105145,0.6348959397063005,0.6855638129468938,0.0,True,True,677.0160415000282
realx_benchmark_v1,agnam_realx_semisynthetic_v1,COMPLETE,realx_3904_r05_moderate,3904,jm1,numeric,5,moderate,1.0,5000,21,0.5118,0.5000000000009546,3000,1000,1000,4000,26171361,26171371,26171381,3,20,20,branchCount::total_Op|e::ev(g)|iv(g)::total_Opnd,branchCount::total_Op|e::ev(g)|iv(g)::total_Opnd,d::ev(g)|d::i|d::iv(g)|d::l|d::lOBlank|d::lOComment|d::n|d::t,d::ev(g),branchCount::total_Op|e::ev(g)|iv(g)::total_Opnd,ev(g)::total_Op,d::ev(g)|d::i|d::iv(g)|d::l|d::lOBlank|d::lOComment|d::n|d::t,b::d|branchCount::ev(g)|branchCount::lOBlank|branchCount::lOComment|branchCount::uniq_Op|d::ev(g)|d::i|d::iv(g)|d::l|d::lOBlank|d::lOComment|d::loc|d::n|d::t|d::total_Op|d::uniq_Op|d::uniq_Opnd|ev(g)::l|l::total_Op|l::uniq_Op,0.1818733554027671,0.0172239320264312,0.0037373914777846,8,0.0,0.0,0.0,1,0.0,0.0,0.0,0.875,0.6271330134564739,0.6869477266818446,0.6066095858837299,0.5079365079365079,0.6335044955125044,0.6919960822286283,0.578856861118126,0.5813492063492064,0.0063714820560305,0.0050483555467837,-0.0277527247656039,0.0734126984126984,0.6277402984715659,0.6850330063586771,0.6332960544512187,0.6919343225108228,0.632141611650252,0.6915219429627092,0.6319652384445487,0.691686530287322,0.0,True,True,446.24355220003054
realx_benchmark_v1,agnam_realx_semisynthetic_v1,COMPLETE,realx_3904_r05_strong,3904,jm1,numeric,5,strong,1.5,5000,21,0.508,0.4999999999994875,3000,1000,1000,4000,26171361,26171371,26171381,3,20,20,branchCount::total_Op|e::ev(g)|iv(g)::total_Opnd,branchCount::total_Op|e::ev(g)|iv(g)::total_Opnd,branchCount::i|d::ev(g)|d::iv(g)|d::lOBlank|d::lOComment|ev(g)::i|ev(g)::iv(g)|ev(g)::uniq_Op|i::iv(g)|i::total_Opnd,i::iv(g)|i::total_Opnd,branchCount::total_Op|e::ev(g)|iv(g)::total_Opnd,branchCount::ev(g)|ev(g)::total_Op,branchCount::i|d::ev(g)|d::iv(g)|d::lOBlank|d::lOComment|ev(g)::i|ev(g)::iv(g)|ev(g)::uniq_Op|i::iv(g)|i::total_Opnd,branchCount::d|branchCount::ev(g)|branchCount::lOCode|branchCount::lOComment|d::ev(g)|d::l|d::lOBlank|d::lOComment|d::n|d::total_Op|d::total_Opnd|d::uniq_Op|ev(g)::i|ev(g)::iv(g)|ev(g)::lOCode|ev(g)::loc|ev(g)::locCodeAndComment|ev(g)::uniq_Op|lOCode::n|uniq_Op::uniq_Opnd,0.147322038498509,0.0249464665467248,0.0150166107186521,10,0.0,0.0,0.0,2,0.0,0.0,0.0,0.8,0.6069393618387262,0.6702238824785727,0.5764316897791474,0.5602471678681772,0.6076576142783771,0.6746062745901206,0.5964304057524397,0.4324324324324324,0.0007182524396508,0.0043823921115478,0.0199987159732922,-0.1278147354357447,0.6063414869029276,0.6690055795722281,0.6079625706214689,0.6748736009599634,0.6055169010015408,0.6693915760148881,0.6068310220852593,0.6688626773270657,0.0,True,True,414.6732707999181
